,Open,High,Low,Close,Adj Close,Volume,Date,Stock
0,20.4,20.700001,20.4,20.549999,18.192602,249700.0,2017-07-10T00:00:00,ADTN
1,20.5,20.530001,20.25,20.4,18.059809,136300.0,2017-07-11T00:00:00,ADTN
2,20.549999,20.85,20.5,20.75,18.369659,215000.0,2017-07-12T00:00:00,ADTN
3,20.799999,20.799999,20.200001,20.25,17.927013,208500.0,2017-07-13T00:00:00,ADTN
4,20.299999,20.43,20.15,20.4,18.059809,149900.0,2017-07-14T00:00:00,ADTN
5,20.35,20.6,20.200001,20.5,18.14834,251200.0,2017-07-17T00:00:00,ADTN
6,20.5,20.6,20.049999,20.5,18.14834,580600.0,2017-07-18T00:00:00,ADTN
7,21.5,22.65,21.450001,22.0,19.476269,1353200.0,2017-07-19T00:00:00,ADTN
8,22.4,23.85,21.85,23.799999,21.069778,929000.0,2017-07-20T00:00:00,ADTN
9,23.85,23.9,23.299999,23.299999,20.627138,456100.0,2017-07-21T00:00:00,ADTN
10,23.25,23.700001,23.25,23.6,20.892723,451000.0,2017-07-24T00:00:00,ADTN
11,23.75,24.049999,23.6,23.799999,21.069778,370000.0,2017-07-25T00:00:00,ADTN
12,23.799999,24.0,23.280001,23.35,20.6714,319000.0,2017-07-26T00:00:00,ADTN
13,23.4,23.700001,23.25,23.35,20.6714,417600.0,2017-07-27T00:00:00,ADTN
14,23.299999,23.5,23.15,23.200001,20.538607,310200.0,2017-07-28T00:00:00,ADTN
15,23.25,23.5,23.15,23.450001,20.759928,440500.0,2017-07-31T00:00:00,ADTN
16,23.5,23.75,23.200001,23.65,21.017653,261100.0,2017-08-01T00:00:00,ADTN
17,23.65,23.68,23.0,23.049999,20.48443,362800.0,2017-08-02T00:00:00,ADTN
18,23.15,23.299999,22.700001,22.799999,20.262259,209000.0,2017-08-03T00:00:00,ADTN
19,22.799999,22.799999,22.200001,22.450001,19.951214,328100.0,2017-08-04T00:00:00,ADTN
20,22.450001,22.549999,22.200001,22.299999,19.817909,318300.0,2017-08-07T00:00:00,ADTN
21,22.25,22.73,22.25,22.549999,20.040083,320400.0,2017-08-08T00:00:00,ADTN
22,22.35,22.58,21.98,22.15,19.684601,297500.0,2017-08-09T00:00:00,ADTN
23,22.1,22.15,21.75,21.799999,19.373566,280000.0,2017-08-10T00:00:00,ADTN
24,21.85,21.950001,21.530001,21.799999,19.373566,359200.0,2017-08-11T00:00:00,ADTN
25,21.9,22.0,21.780001,21.950001,19.50687,264700.0,2017-08-14T00:00:00,ADTN
26,22.049999,22.1,21.700001,21.700001,19.284695,200500.0,2017-08-15T00:00:00,ADTN
27,21.85,21.950001,21.73,21.85,19.418003,236200.0,2017-08-16T00:00:00,ADTN
28,21.700001,21.85,21.33,21.5,19.106958,341900.0,2017-08-17T00:00:00,ADTN
29,21.299999,21.799999,21.280001,21.6,19.195826,1276000.0,2017-08-18T00:00:00,ADTN
30,21.549999,21.65,21.299999,21.450001,19.062517,201200.0,2017-08-21T00:00:00,ADTN
31,21.5,21.799999,21.450001,21.65,19.240259,229400.0,2017-08-22T00:00:00,ADTN
32,21.549999,21.950001,21.5,21.700001,19.284695,220300.0,2017-08-23T00:00:00,ADTN
33,21.85,22.15,21.65,22.049999,19.595736,308100.0,2017-08-24T00:00:00,ADTN
34,22.1,22.25,22.049999,22.25,19.773478,156700.0,2017-08-25T00:00:00,ADTN
35,22.25,22.25,21.799999,22.0,19.551304,196800.0,2017-08-28T00:00:00,ADTN
36,21.85,21.98,21.73,21.950001,19.50687,189800.0,2017-08-29T00:00:00,ADTN
37,21.950001,22.15,21.85,22.049999,19.595736,174800.0,2017-08-30T00:00:00,ADTN
38,22.1,22.1,21.700001,22.1,19.640173,213100.0,2017-08-31T00:00:00,ADTN
39,22.1,22.299999,22.0,22.25,19.773478,216700.0,2017-09-01T00:00:00,ADTN
40,22.25,22.25,21.48,21.65,19.240259,280900.0,2017-09-05T00:00:00,ADTN
41,21.75,21.9,21.6,21.700001,19.284695,199100.0,2017-09-06T00:00:00,ADTN
42,21.75,21.799999,21.48,21.700001,19.284695,189400.0,2017-09-07T00:00:00,ADTN
43,21.6,21.85,21.4,21.700001,19.284695,213700.0,2017-09-08T00:00:00,ADTN
44,21.85,22.18,21.75,22.049999,19.595736,219700.0,2017-09-11T00:00:00,ADTN
45,22.1,22.35,22.049999,22.35,19.862347,357000.0,2017-09-12T00:00:00,ADTN
46,22.299999,22.4,22.200001,22.25,19.773478,217600.0,2017-09-13T00:00:00,ADTN
47,22.25,22.43,22.200001,22.35,19.862347,213700.0,2017-09-14T00:00:00,ADTN
48,22.35,22.5,22.200001,22.450001,19.951214,604100.0,2017-09-15T00:00:00,ADTN
49,22.5,22.5,22.35,22.5,19.995644,205200.0,2017-09-18T00:00:00,ADTN
50,22.5,22.85,22.25,22.4,19.906778,551700.0,2017-09-19T00:00:00,ADTN
51,22.4,22.65,22.35,22.5,19.995644,227500.0,2017-09-20T00:00:00,ADTN
52,22.5,22.65,22.35,22.450001,19.951214,187100.0,2017-09-21T00:00:00,ADTN
53,22.450001,22.799999,22.450001,22.65,20.128954,145600.0,2017-09-22T00:00:00,ADTN
54,22.6,22.83,22.4,22.6,20.084517,287400.0,2017-09-25T00:00:00,ADTN
55,22.700001,23.200001,22.6,23.15,20.573305,364600.0,2017-09-26T00:00:00,ADTN
56,23.200001,24.299999,23.049999,23.9,21.239826,907900.0,2017-09-27T00:00:00,ADTN
57,23.799999,24.35,23.549999,23.65,21.017653,610900.0,2017-09-28T00:00:00,ADTN
58,23.65,24.1,23.549999,24.0,21.328697,291900.0,2017-09-29T00:00:00,ADTN
59,24.0,24.4,23.9,24.35,21.63974,336900.0,2017-10-02T00:00:00,ADTN
60,24.35,24.450001,24.15,24.4,21.68417,199700.0,2017-10-03T00:00:00,ADTN
61,24.35,24.6,24.25,24.5,21.773043,197800.0,2017-10-04T00:00:00,ADTN
62,24.5,24.5,24.25,24.35,21.63974,176600.0,2017-10-05T00:00:00,ADTN
63,24.25,24.48,24.200001,24.25,21.550867,223400.0,2017-10-06T00:00:00,ADTN
64,24.25,24.549999,24.200001,24.450001,21.728607,220900.0,2017-10-09T00:00:00,ADTN
65,24.450001,24.6,24.25,24.299999,21.595303,199800.0,2017-10-10T00:00:00,ADTN
66,24.25,24.549999,23.799999,24.450001,21.728607,228800.0,2017-10-11T00:00:00,ADTN
67,24.35,24.5,24.049999,24.1,21.417566,271300.0,2017-10-12T00:00:00,ADTN
68,24.15,24.299999,24.0,24.200001,21.506437,153300.0,2017-10-13T00:00:00,ADTN
69,24.25,24.450001,23.9,24.0,21.328697,210500.0,2017-10-16T00:00:00,ADTN
70,23.9,24.1,23.799999,23.9,21.239826,288400.0,2017-10-17T00:00:00,ADTN
71,25.1,25.1,22.200001,22.35,19.862347,1276900.0,2017-10-18T00:00:00,ADTN
72,22.25,22.5,21.75,21.85,19.418003,694700.0,2017-10-19T00:00:00,ADTN
73,22.15,22.200001,21.549999,21.950001,19.50687,661100.0,2017-10-20T00:00:00,ADTN
74,22.0,22.1,21.549999,21.6,19.195826,386100.0,2017-10-23T00:00:00,ADTN
75,21.65,21.799999,21.549999,21.6,19.195826,462800.0,2017-10-24T00:00:00,ADTN
76,21.5,21.6,21.200001,21.25,18.884783,413700.0,2017-10-25T00:00:00,ADTN
77,21.25,21.299999,20.950001,21.0,18.662607,436800.0,2017-10-26T00:00:00,ADTN
78,21.049999,21.65,20.9,21.4,19.018087,561700.0,2017-10-27T00:00:00,ADTN
79,21.450001,21.450001,20.98,21.200001,18.840349,337600.0,2017-10-30T00:00:00,ADTN
80,21.1,21.35,20.950001,21.1,18.831423,367600.0,2017-10-31T00:00:00,ADTN
81,21.25,21.35,20.85,21.0,18.742174,283300.0,2017-11-01T00:00:00,ADTN
82,20.950001,21.0,20.65,20.75,18.519054,310700.0,2017-11-02T00:00:00,ADTN
83,20.799999,21.0,20.6,20.85,18.608301,425100.0,2017-11-03T00:00:00,ADTN
84,20.9,21.049999,20.780001,20.9,18.652927,540500.0,2017-11-06T00:00:00,ADTN
85,20.75,21.030001,20.75,20.9,18.652927,314900.0,2017-11-07T00:00:00,ADTN
86,21.0,21.0,20.700001,20.85,18.608301,241700.0,2017-11-08T00:00:00,ADTN
87,20.85,20.9,20.450001,20.5,18.295937,234400.0,2017-11-09T00:00:00,ADTN
88,20.5,20.799999,20.5,20.65,18.429808,144600.0,2017-11-10T00:00:00,ADTN
89,20.549999,20.85,20.549999,20.65,18.429808,143200.0,2017-11-13T00:00:00,ADTN
90,20.549999,20.75,20.549999,20.700001,18.47443,218700.0,2017-11-14T00:00:00,ADTN
91,20.549999,20.950001,20.549999,20.75,18.519054,381700.0,2017-11-15T00:00:00,ADTN
92,20.75,21.1,20.299999,21.049999,18.786798,480100.0,2017-11-16T00:00:00,ADTN
93,20.9,21.43,20.799999,21.25,18.965294,268100.0,2017-11-17T00:00:00,ADTN
94,21.25,21.799999,21.15,21.65,19.322289,333900.0,2017-11-20T00:00:00,ADTN
95,21.6,21.950001,21.5,21.9,19.545408,266500.0,2017-11-21T00:00:00,ADTN
96,21.85,22.450001,21.049999,22.1,19.723911,409000.0,2017-11-22T00:00:00,ADTN
97,22.15,22.35,21.950001,22.299999,19.902401,120200.0,2017-11-24T00:00:00,ADTN
98,22.35,22.450001,22.1,22.25,19.857782,291700.0,2017-11-27T00:00:00,ADTN
99,22.25,23.049999,22.200001,22.950001,20.482517,465800.0,2017-11-28T00:00:00,ADTN
100,22.9,23.0,22.549999,22.85,20.39327,247200.0,2017-11-29T00:00:00,ADTN
101,22.85,23.1,22.700001,23.1,20.616392,228600.0,2017-11-30T00:00:00,ADTN
102,23.1,23.1,22.280001,22.799999,20.348646,267200.0,2017-12-01T00:00:00,ADTN
103,23.049999,23.15,22.549999,22.75,20.304024,243700.0,2017-12-04T00:00:00,ADTN
104,22.85,22.85,22.299999,22.35,19.947027,197300.0,2017-12-05T00:00:00,ADTN
105,22.35,22.5,22.1,22.15,19.76853,179100.0,2017-12-06T00:00:00,ADTN
106,22.200001,22.299999,22.049999,22.1,19.723911,213000.0,2017-12-07T00:00:00,ADTN
107,22.1,22.4,22.049999,22.15,19.76853,165300.0,2017-12-08T00:00:00,ADTN
108,22.200001,22.25,21.950001,22.0,19.634659,297100.0,2017-12-11T00:00:00,ADTN
109,21.9,22.1,21.75,21.85,19.500786,326900.0,2017-12-12T00:00:00,ADTN
110,21.85,22.25,21.700001,21.799999,19.456163,533000.0,2017-12-13T00:00:00,ADTN
111,21.799999,22.110001,21.530001,21.6,19.277664,556600.0,2017-12-14T00:00:00,ADTN
112,21.65,22.049999,21.450001,21.9,19.545408,758800.0,2017-12-15T00:00:00,ADTN
113,22.1,22.4,22.0,22.15,19.76853,263500.0,2017-12-18T00:00:00,ADTN
114,22.049999,22.35,22.0,22.1,19.723911,235100.0,2017-12-19T00:00:00,ADTN
115,22.15,22.9,22.15,22.65,20.214771,367700.0,2017-12-20T00:00:00,ADTN
116,22.65,23.049999,22.6,22.799999,20.348646,242500.0,2017-12-21T00:00:00,ADTN
117,22.799999,22.799999,22.5,22.549999,20.125521,183700.0,2017-12-22T00:00:00,ADTN
118,22.5,22.549999,22.4,22.450001,20.036272,103200.0,2017-12-26T00:00:00,ADTN
119,22.5,22.6,22.200001,22.35,19.947027,162400.0,2017-12-27T00:00:00,ADTN
120,22.35,22.450001,22.1,22.25,19.857782,142400.0,2017-12-28T00:00:00,ADTN
121,18.85,19.950001,18.65,19.35,17.269569,1881900.0,2017-12-29T00:00:00,ADTN
122,19.299999,20.299999,19.299999,20.0,17.849693,829800.0,2018-01-02T00:00:00,ADTN
123,19.950001,20.1,19.25,19.299999,17.224951,627300.0,2018-01-03T00:00:00,ADTN
124,19.450001,19.6,19.15,19.25,17.180326,400000.0,2018-01-04T00:00:00,ADTN
125,19.299999,19.549999,19.1,19.299999,17.224951,509400.0,2018-01-05T00:00:00,ADTN
126,19.299999,19.799999,19.1,19.75,17.62657,550100.0,2018-01-08T00:00:00,ADTN
127,19.75,19.75,19.35,19.450001,17.358818,302100.0,2018-01-09T00:00:00,ADTN
128,19.35,19.6,19.25,19.6,17.492697,333800.0,2018-01-10T00:00:00,ADTN
129,19.6,19.799999,19.4,19.700001,17.581947,375700.0,2018-01-11T00:00:00,ADTN
130,19.6,19.950001,19.549999,19.700001,17.581947,349000.0,2018-01-12T00:00:00,ADTN
131,20.450001,20.450001,19.450001,19.5,17.403446,760300.0,2018-01-16T00:00:00,ADTN
132,19.0,19.6,18.6,18.85,16.823332,1084900.0,2018-01-17T00:00:00,ADTN
133,18.549999,18.65,16.52,16.68,14.886639,2069500.0,2018-01-18T00:00:00,ADTN
134,16.65,16.799999,16.25,16.4,14.636744,1046200.0,2018-01-19T00:00:00,ADTN
135,16.35,16.799999,16.049999,16.799999,14.993741,904900.0,2018-01-22T00:00:00,ADTN
136,16.85,17.15,16.6,16.799999,14.993741,843000.0,2018-01-23T00:00:00,ADTN
137,16.9,16.9,16.0,16.200001,14.458248,603000.0,2018-01-24T00:00:00,ADTN
138,16.35,16.35,15.85,16.0,14.279751,732700.0,2018-01-25T00:00:00,ADTN
139,16.1,16.4,15.95,16.25,14.502872,420900.0,2018-01-26T00:00:00,ADTN
140,16.299999,16.450001,16.02,16.15,14.413623,412700.0,2018-01-29T00:00:00,ADTN
141,16.1,16.4,16.0,16.1,14.449525,566500.0,2018-01-30T00:00:00,ADTN
142,16.049999,16.27,15.9,16.0,14.359774,593400.0,2018-01-31T00:00:00,ADTN
143,16.0,16.450001,16.0,16.200001,14.53927,1139400.0,2018-02-01T00:00:00,ADTN
144,16.200001,16.5,16.200001,16.299999,14.62902,674700.0,2018-02-02T00:00:00,ADTN
145,16.25,16.450001,15.95,15.95,14.314901,847300.0,2018-02-05T00:00:00,ADTN
146,15.7,16.299999,15.65,16.1,14.449525,856000.0,2018-02-06T00:00:00,ADTN
147,16.15,16.35,16.08,16.25,14.584146,713800.0,2018-02-07T00:00:00,ADTN
148,16.299999,16.299999,15.85,15.9,14.270025,1093600.0,2018-02-08T00:00:00,ADTN
149,16.049999,16.25,15.75,16.049999,14.404648,692300.0,2018-02-09T00:00:00,ADTN
150,16.1,16.5,15.93,16.35,14.673896,416900.0,2018-02-12T00:00:00,ADTN
151,16.35,16.6,16.200001,16.4,14.718768,349900.0,2018-02-13T00:00:00,ADTN
152,16.25,16.700001,16.15,16.299999,14.62902,438100.0,2018-02-14T00:00:00,ADTN
153,16.450001,16.65,16.25,16.5,14.808519,366500.0,2018-02-15T00:00:00,ADTN
154,16.450001,16.629999,16.1,16.25,14.584146,477500.0,2018-02-16T00:00:00,ADTN
155,16.15,16.629999,16.1,16.4,14.718768,599800.0,2018-02-20T00:00:00,ADTN
156,16.4,16.65,16.25,16.27,14.602096,525300.0,2018-02-21T00:00:00,ADTN
157,16.25,16.25,15.68,15.8,14.180279,1197700.0,2018-02-22T00:00:00,ADTN
158,15.8,15.85,15.63,15.7,14.090528,554700.0,2018-02-23T00:00:00,ADTN
159,15.75,15.9,15.68,15.8,14.180279,804100.0,2018-02-26T00:00:00,ADTN
160,15.8,15.9,15.35,15.35,13.776407,795100.0,2018-02-27T00:00:00,ADTN
161,15.4,15.75,15.25,15.65,14.045654,661000.0,2018-02-28T00:00:00,ADTN
162,15.7,15.85,15.4,15.5,13.911033,524300.0,2018-03-01T00:00:00,ADTN
163,15.35,15.7,15.3,15.55,13.955905,483300.0,2018-03-02T00:00:00,ADTN
164,15.55,15.95,15.55,15.7,14.090528,446200.0,2018-03-05T00:00:00,ADTN
165,15.85,16.0,15.75,16.0,14.359774,532100.0,2018-03-06T00:00:00,ADTN
166,15.95,16.4,15.85,16.15,14.494395,487700.0,2018-03-07T00:00:00,ADTN
167,16.200001,16.4,16.15,16.299999,14.62902,325600.0,2018-03-08T00:00:00,ADTN
168,16.299999,16.450001,16.129999,16.299999,14.62902,460300.0,2018-03-09T00:00:00,ADTN
169,16.299999,16.5,16.299999,16.450001,14.763643,438600.0,2018-03-12T00:00:00,ADTN
170,16.5,16.9,16.450001,16.65,14.943142,848100.0,2018-03-13T00:00:00,ADTN
171,16.65,16.65,16.25,16.25,14.584146,585300.0,2018-03-14T00:00:00,ADTN
172,16.299999,16.4,15.9,16.299999,14.62902,333700.0,2018-03-15T00:00:00,ADTN
173,16.299999,16.299999,15.8,15.9,14.270025,927300.0,2018-03-16T00:00:00,ADTN
174,15.8,16.15,15.65,16.049999,14.404648,541300.0,2018-03-19T00:00:00,ADTN
175,16.049999,16.15,15.9,16.1,14.449525,284400.0,2018-03-20T00:00:00,ADTN
176,16.1,16.15,15.8,16.049999,14.404648,360000.0,2018-03-21T00:00:00,ADTN
177,15.95,16.049999,15.55,15.75,14.135403,606500.0,2018-03-22T00:00:00,ADTN
178,15.75,15.9,15.45,15.65,14.045654,600900.0,2018-03-23T00:00:00,ADTN
179,15.75,15.9,15.25,15.55,13.955905,429900.0,2018-03-26T00:00:00,ADTN
180,15.6,15.65,15.23,15.35,13.776407,291000.0,2018-03-27T00:00:00,ADTN
181,15.3,15.5,15.15,15.4,13.821282,662700.0,2018-03-28T00:00:00,ADTN
182,15.45,15.75,15.4,15.55,13.955905,508400.0,2018-03-29T00:00:00,ADTN
183,15.6,15.65,15.05,15.2,13.641786,410500.0,2018-04-02T00:00:00,ADTN
184,15.25,15.25,15.05,15.2,13.641786,362700.0,2018-04-03T00:00:00,ADTN
185,14.9,15.1,14.8,15.1,13.552035,353000.0,2018-04-04T00:00:00,ADTN
186,15.1,15.15,15.0,15.1,13.552035,285100.0,2018-04-05T00:00:00,ADTN
187,15.05,15.25,14.8,14.9,13.37254,521900.0,2018-04-06T00:00:00,ADTN
188,15.0,15.3,14.9,15.1,13.552035,270800.0,2018-04-09T00:00:00,ADTN
189,15.25,15.4,15.05,15.2,13.641786,524300.0,2018-04-10T00:00:00,ADTN
190,15.15,15.8,15.15,15.4,13.821282,350800.0,2018-04-11T00:00:00,ADTN
191,15.5,15.6,15.4,15.4,13.821282,365700.0,2018-04-12T00:00:00,ADTN
192,15.5,15.6,15.35,15.55,13.955905,201600.0,2018-04-13T00:00:00,ADTN
193,15.55,15.63,15.3,15.55,13.955905,351600.0,2018-04-16T00:00:00,ADTN
194,15.6,16.25,15.58,16.049999,14.404648,1006400.0,2018-04-17T00:00:00,ADTN
195,14.8,15.35,14.4,14.95,13.417415,1566600.0,2018-04-18T00:00:00,ADTN
196,14.7,15.05,14.65,14.83,13.309715,481300.0,2018-04-19T00:00:00,ADTN
197,14.75,14.85,14.65,14.7,13.193043,756600.0,2018-04-20T00:00:00,ADTN
198,14.75,14.85,14.4,14.45,12.968672,442900.0,2018-04-23T00:00:00,ADTN
199,14.5,14.75,14.4,14.7,13.193043,503300.0,2018-04-24T00:00:00,ADTN
200,14.75,14.75,14.5,14.7,13.193043,335600.0,2018-04-25T00:00:00,ADTN
201,14.7,14.75,14.3,14.6,13.103294,343600.0,2018-04-26T00:00:00,ADTN
202,14.65,14.83,14.3,14.5,13.013547,297000.0,2018-04-27T00:00:00,ADTN
203,14.5,14.7,14.35,14.65,13.148168,470700.0,2018-04-30T00:00:00,ADTN
204,14.55,14.9,14.4,14.9,13.455199,498900.0,2018-05-01T00:00:00,ADTN
205,14.95,15.15,14.7,14.9,13.455199,427700.0,2018-05-02T00:00:00,ADTN
206,14.85,14.95,14.58,14.75,13.319745,435400.0,2018-05-03T00:00:00,ADTN
207,14.75,15.1,14.6,14.85,13.410048,354200.0,2018-05-04T00:00:00,ADTN
208,14.95,15.55,14.85,15.05,13.590656,531400.0,2018-05-07T00:00:00,ADTN
209,15.0,15.35,14.85,15.3,13.816413,310300.0,2018-05-08T00:00:00,ADTN
210,15.3,15.35,15.05,15.25,13.771258,316100.0,2018-05-09T00:00:00,ADTN
211,15.2,15.4,15.1,15.25,13.771258,330700.0,2018-05-10T00:00:00,ADTN
212,15.25,15.35,15.1,15.15,13.680957,208000.0,2018-05-11T00:00:00,ADTN
213,15.2,15.25,14.68,14.75,13.319745,384400.0,2018-05-14T00:00:00,ADTN
214,14.75,14.75,14.55,14.55,13.139138,261000.0,2018-05-15T00:00:00,ADTN
215,14.65,14.9,14.55,14.7,13.274593,319200.0,2018-05-16T00:00:00,ADTN
216,14.75,14.85,14.6,14.75,13.319745,312700.0,2018-05-17T00:00:00,ADTN
217,14.8,14.9,14.65,14.85,13.410048,203500.0,2018-05-18T00:00:00,ADTN
218,14.85,15.45,14.85,15.45,13.951867,593800.0,2018-05-21T00:00:00,ADTN
219,15.35,15.9,15.05,15.1,13.635804,430400.0,2018-05-22T00:00:00,ADTN
220,15.0,15.0,14.75,14.9,13.455199,374400.0,2018-05-23T00:00:00,ADTN
221,14.95,14.95,14.6,14.65,13.229443,315200.0,2018-05-24T00:00:00,ADTN
222,14.7,15.1,14.6,15.05,13.590656,285900.0,2018-05-25T00:00:00,ADTN
223,14.95,15.05,14.75,14.8,13.364896,298500.0,2018-05-29T00:00:00,ADTN
224,14.8,14.85,14.15,14.25,12.868227,499200.0,2018-05-30T00:00:00,ADTN
225,14.3,14.35,13.95,13.95,12.597319,424200.0,2018-05-31T00:00:00,ADTN
226,14.0,14.3,14.0,14.15,12.777925,679800.0,2018-06-01T00:00:00,ADTN
227,14.25,15.15,14.2,15.1,13.635804,862500.0,2018-06-04T00:00:00,ADTN
228,15.1,15.55,14.98,15.2,13.726109,393200.0,2018-06-05T00:00:00,ADTN
229,15.2,15.2,14.85,15.0,13.545506,274700.0,2018-06-06T00:00:00,ADTN
230,15.05,15.05,14.7,14.8,13.364896,258300.0,2018-06-07T00:00:00,ADTN
231,14.8,14.85,14.65,14.7,13.274593,180000.0,2018-06-08T00:00:00,ADTN
232,14.7,14.8,14.3,14.5,13.093987,360600.0,2018-06-11T00:00:00,ADTN
233,14.5,14.6,14.4,14.5,13.093987,135300.0,2018-06-12T00:00:00,ADTN
234,14.55,14.75,14.45,14.75,13.319745,204700.0,2018-06-13T00:00:00,ADTN
235,14.75,15.3,14.7,15.15,13.680957,323900.0,2018-06-14T00:00:00,ADTN
236,15.1,15.58,15.05,15.45,13.951867,555900.0,2018-06-15T00:00:00,ADTN
237,15.45,15.5,15.2,15.5,13.997021,200700.0,2018-06-18T00:00:00,ADTN
238,15.4,15.5,15.2,15.3,13.816413,194300.0,2018-06-19T00:00:00,ADTN
239,15.3,15.4,15.15,15.2,13.726109,257700.0,2018-06-20T00:00:00,ADTN
240,15.2,15.2,14.25,14.3,12.91338,880500.0,2018-06-21T00:00:00,ADTN
241,14.4,14.5,14.1,14.35,12.95853,749900.0,2018-06-22T00:00:00,ADTN
242,14.25,14.4,14.13,14.3,12.91338,192900.0,2018-06-25T00:00:00,ADTN
243,14.3,14.55,14.15,14.5,13.093987,209400.0,2018-06-26T00:00:00,ADTN
244,14.5,14.7,14.45,14.6,13.184291,236800.0,2018-06-27T00:00:00,ADTN
245,14.6,14.9,14.5,14.75,13.319745,224700.0,2018-06-28T00:00:00,ADTN
246,14.75,15.0,14.65,14.85,13.410048,196000.0,2018-06-29T00:00:00,ADTN
247,14.8,14.95,14.55,14.95,13.500352,230100.0,2018-07-02T00:00:00,ADTN
248,15.0,15.3,14.9,15.0,13.545506,234600.0,2018-07-03T00:00:00,ADTN
249,15.05,15.45,15.0,15.35,13.861567,255100.0,2018-07-05T00:00:00,ADTN
250,15.4,15.7,15.35,15.5,13.997021,214600.0,2018-07-06T00:00:00,ADTN
251,15.55,15.65,15.35,15.4,13.906716,198900.0,2018-07-09T00:00:00,ADTN
252,15.4,15.45,15.25,15.35,13.861567,166500.0,2018-07-10T00:00:00,ADTN
253,15.25,15.45,15.05,15.1,13.635804,248900.0,2018-07-11T00:00:00,ADTN
254,15.15,15.65,15.1,15.58,14.069262,230500.0,2018-07-12T00:00:00,ADTN
255,15.55,15.75,15.5,15.65,14.132475,172700.0,2018-07-13T00:00:00,ADTN
256,15.65,16.1,15.55,16.0,14.448536,918200.0,2018-07-16T00:00:00,ADTN
257,15.9,16.049999,15.6,16.0,14.448536,1152300.0,2018-07-17T00:00:00,ADTN
258,16.799999,17.200001,15.6,16.049999,14.493687,1497000.0,2018-07-18T00:00:00,ADTN
259,16.049999,16.6,15.8,16.450001,14.854902,615100.0,2018-07-19T00:00:00,ADTN
260,16.4,16.700001,16.25,16.5,14.900057,393700.0,2018-07-20T00:00:00,ADTN
261,16.450001,16.75,16.15,16.700001,15.08066,537700.0,2018-07-23T00:00:00,ADTN
262,16.700001,16.9,16.4,16.549999,14.945205,576000.0,2018-07-24T00:00:00,ADTN
263,16.5,16.5,15.95,16.049999,14.493687,302600.0,2018-07-25T00:00:00,ADTN
264,16.049999,16.5,16.0,16.5,14.900057,271400.0,2018-07-26T00:00:00,ADTN
265,16.450001,16.5,16.15,16.299999,14.719445,238200.0,2018-07-27T00:00:00,ADTN
266,16.25,16.5,16.200001,16.25,14.674295,211600.0,2018-07-30T00:00:00,ADTN
267,16.200001,16.450001,16.049999,16.25,14.756021,357300.0,2018-07-31T00:00:00,ADTN
268,16.299999,16.35,16.0,16.15,14.665215,276600.0,2018-08-01T00:00:00,ADTN
269,16.15,16.299999,16.0,16.200001,14.71062,135500.0,2018-08-02T00:00:00,ADTN
270,16.25,16.5,16.049999,16.15,14.665215,132300.0,2018-08-03T00:00:00,ADTN
271,16.200001,16.299999,16.0,16.299999,14.801425,101900.0,2018-08-06T00:00:00,ADTN
272,16.299999,16.549999,16.25,16.299999,14.801425,205000.0,2018-08-07T00:00:00,ADTN
273,16.35,16.35,15.9,15.95,14.483603,244000.0,2018-08-08T00:00:00,ADTN
274,15.9,16.1,15.85,15.9,14.438195,221600.0,2018-08-09T00:00:00,ADTN
275,15.85,16.0,15.7,15.9,14.438195,262000.0,2018-08-10T00:00:00,ADTN
276,15.95,16.129999,15.75,16.1,14.619811,319300.0,2018-08-13T00:00:00,ADTN
277,16.1,16.25,16.0,16.200001,14.71062,153100.0,2018-08-14T00:00:00,ADTN
278,16.15,16.15,15.95,16.049999,14.574408,333500.0,2018-08-15T00:00:00,ADTN
279,16.1,16.5,16.1,16.450001,14.937634,200000.0,2018-08-16T00:00:00,ADTN
280,16.35,16.58,16.25,16.35,14.846827,256300.0,2018-08-17T00:00:00,ADTN
281,16.4,16.65,16.4,16.549999,15.02844,381200.0,2018-08-20T00:00:00,ADTN
282,16.65,16.9,16.549999,16.9,15.346261,248300.0,2018-08-21T00:00:00,ADTN
283,16.85,17.049999,16.77,16.950001,15.391668,191200.0,2018-08-22T00:00:00,ADTN
284,16.950001,17.15,16.9,17.0,15.437069,130600.0,2018-08-23T00:00:00,ADTN
285,16.950001,17.15,16.9,16.950001,15.391668,208800.0,2018-08-24T00:00:00,ADTN
286,17.049999,17.15,16.950001,17.0,15.437069,145000.0,2018-08-27T00:00:00,ADTN
287,17.0,17.049999,16.9,16.950001,15.391668,136600.0,2018-08-28T00:00:00,ADTN
288,16.9,17.1,16.9,17.0,15.437069,122500.0,2018-08-29T00:00:00,ADTN
289,17.049999,17.15,16.9,17.1,15.527873,282600.0,2018-08-30T00:00:00,ADTN
290,17.049999,17.200001,17.0,17.200001,15.618682,147800.0,2018-08-31T00:00:00,ADTN
291,17.200001,17.25,16.85,16.950001,15.391668,187900.0,2018-09-04T00:00:00,ADTN
292,17.0,17.049999,16.75,16.950001,15.391668,142300.0,2018-09-05T00:00:00,ADTN
293,16.9,16.9,16.700001,16.75,15.210053,104500.0,2018-09-06T00:00:00,ADTN
294,16.75,16.950001,16.65,16.9,15.346261,172300.0,2018-09-07T00:00:00,ADTN
295,16.9,16.9,16.700001,16.700001,15.164648,124600.0,2018-09-10T00:00:00,ADTN
296,16.700001,16.700001,16.299999,16.5,14.983039,153800.0,2018-09-11T00:00:00,ADTN
297,16.65,18.799999,16.629999,18.549999,16.844564,755500.0,2018-09-12T00:00:00,ADTN
298,18.549999,19.299999,18.549999,18.799999,17.071581,497500.0,2018-09-13T00:00:00,ADTN
299,18.75,18.98,18.65,18.75,17.026175,231500.0,2018-09-14T00:00:00,ADTN
300,18.65,18.700001,17.950001,18.450001,16.753759,197700.0,2018-09-17T00:00:00,ADTN
301,18.35,18.75,18.35,18.6,16.889967,287800.0,2018-09-18T00:00:00,ADTN
302,18.549999,18.6,18.25,18.35,16.662954,321300.0,2018-09-19T00:00:00,ADTN
303,18.450001,18.65,18.450001,18.5,16.79916,181800.0,2018-09-20T00:00:00,ADTN
304,18.5,18.75,18.299999,18.6,16.889967,1051600.0,2018-09-21T00:00:00,ADTN
305,18.65,18.75,18.200001,18.25,16.572147,163800.0,2018-09-24T00:00:00,ADTN
306,18.299999,18.450001,18.049999,18.200001,16.526745,235000.0,2018-09-25T00:00:00,ADTN
307,18.25,18.35,18.049999,18.1,16.43594,157300.0,2018-09-26T00:00:00,ADTN
308,18.15,18.15,17.450001,17.450001,15.845697,267900.0,2018-09-27T00:00:00,ADTN
309,17.4,17.65,17.35,17.65,16.027308,232100.0,2018-09-28T00:00:00,ADTN
310,17.709999,17.83,17.370001,17.57,15.954666,337900.0,2018-10-01T00:00:00,ADTN
311,17.51,18.059999,17.42,17.870001,16.227083,376300.0,2018-10-02T00:00:00,ADTN
312,17.9,18.309999,17.809999,18.02,16.363291,240100.0,2018-10-03T00:00:00,ADTN
313,18.01,18.190001,17.59,17.709999,16.081789,184700.0,2018-10-04T00:00:00,ADTN
314,17.709999,17.709999,17.18,17.35,15.754889,213700.0,2018-10-05T00:00:00,ADTN
315,17.34,17.58,17.02,17.200001,15.618682,190000.0,2018-10-08T00:00:00,ADTN
316,17.139999,17.67,17.030001,17.58,15.963742,230800.0,2018-10-09T00:00:00,ADTN
317,17.559999,17.58,17.02,17.059999,15.49155,212400.0,2018-10-10T00:00:00,ADTN
318,16.93,17.25,16.860001,16.9,15.346261,240000.0,2018-10-11T00:00:00,ADTN
319,17.049999,17.370001,16.83,16.959999,15.400747,199500.0,2018-10-12T00:00:00,ADTN
320,16.969999,17.299999,16.74,17.049999,15.48247,237100.0,2018-10-15T00:00:00,ADTN
321,17.040001,18.4,16.889999,18.120001,16.454098,758900.0,2018-10-16T00:00:00,ADTN
322,17.23,17.74,14.79,15.01,13.630024,2514700.0,2018-10-17T00:00:00,ADTN
323,15.11,15.11,13.52,13.83,12.558507,1253400.0,2018-10-18T00:00:00,ADTN
324,13.8,14.3,13.76,13.78,12.513105,622800.0,2018-10-19T00:00:00,ADTN
325,13.75,14.39,13.75,14.01,12.721959,472500.0,2018-10-22T00:00:00,ADTN
326,13.88,14.1,13.59,13.94,12.658396,395000.0,2018-10-23T00:00:00,ADTN
327,13.93,13.94,13.37,13.39,12.158961,304800.0,2018-10-24T00:00:00,ADTN
328,13.45,13.72,13.27,13.52,12.277009,267400.0,2018-10-25T00:00:00,ADTN
329,13.32,13.68,13.05,13.54,12.29517,256200.0,2018-10-26T00:00:00,ADTN
330,13.79,13.91,13.14,13.3,12.077232,256000.0,2018-10-29T00:00:00,ADTN
331,13.25,13.78,13.23,13.72,12.543504,210400.0,2018-10-30T00:00:00,ADTN
332,13.83,13.93,13.38,13.44,12.287513,302400.0,2018-10-31T00:00:00,ADTN
333,13.5,13.94,13.36,13.9,12.708067,323600.0,2018-11-01T00:00:00,ADTN
334,13.96,14.04,13.83,13.92,12.726351,271700.0,2018-11-02T00:00:00,ADTN
335,13.95,14.17,13.74,14.05,12.845204,441700.0,2018-11-05T00:00:00,ADTN
336,14.04,14.27,13.86,13.99,12.790349,286100.0,2018-11-06T00:00:00,ADTN
337,14.1,14.32,13.99,14.32,13.092052,175700.0,2018-11-07T00:00:00,ADTN
338,14.29,14.5,14.24,14.47,13.22919,164700.0,2018-11-08T00:00:00,ADTN
339,14.4,14.42,14.0,14.12,12.909202,282000.0,2018-11-09T00:00:00,ADTN
340,14.01,14.11,13.44,13.45,12.296656,383100.0,2018-11-12T00:00:00,ADTN
341,13.55,13.76,13.49,13.7,12.525218,161900.0,2018-11-13T00:00:00,ADTN
342,13.8,13.94,13.47,13.63,12.46122,410300.0,2018-11-14T00:00:00,ADTN
343,13.66,13.82,13.36,13.78,12.598356,192600.0,2018-11-15T00:00:00,ADTN
344,13.68,13.73,13.45,13.64,12.470364,257700.0,2018-11-16T00:00:00,ADTN
345,13.6,13.6,13.02,13.41,12.260084,322100.0,2018-11-19T00:00:00,ADTN
346,13.26,13.34,12.54,12.55,11.473832,172500.0,2018-11-20T00:00:00,ADTN
347,12.64,12.98,12.56,12.94,11.830387,165900.0,2018-11-21T00:00:00,ADTN
348,12.86,13.07,12.8,12.87,11.766391,57200.0,2018-11-23T00:00:00,ADTN
349,12.97,13.04,12.61,12.73,11.638397,168000.0,2018-11-26T00:00:00,ADTN
350,12.61,12.68,12.46,12.51,11.437262,167300.0,2018-11-27T00:00:00,ADTN
351,12.51,12.71,12.34,12.55,11.473832,263200.0,2018-11-28T00:00:00,ADTN
352,12.54,12.69,12.34,12.4,11.336693,175200.0,2018-11-29T00:00:00,ADTN
353,12.39,12.5,11.93,12.45,11.382405,317100.0,2018-11-30T00:00:00,ADTN
354,12.55,12.8,12.43,12.78,11.684109,246400.0,2018-12-03T00:00:00,ADTN
355,12.76,12.82,12.12,12.54,11.464688,332000.0,2018-12-04T00:00:00,ADTN
356,12.36,12.63,11.92,12.59,11.510399,320400.0,2018-12-06T00:00:00,ADTN
357,12.51,12.74,11.94,12.0,10.970992,247000.0,2018-12-07T00:00:00,ADTN
358,11.99,12.26,11.58,11.8,10.788143,408700.0,2018-12-10T00:00:00,ADTN
359,11.93,12.21,11.45,11.63,10.63272,254300.0,2018-12-11T00:00:00,ADTN
360,11.74,12.21,11.73,11.93,10.906998,353900.0,2018-12-12T00:00:00,ADTN
361,12.08,12.11,11.61,11.79,10.779,419300.0,2018-12-13T00:00:00,ADTN
362,11.69,11.82,11.48,11.52,10.532153,140000.0,2018-12-14T00:00:00,ADTN
363,11.52,11.68,10.9,10.96,10.020174,366400.0,2018-12-17T00:00:00,ADTN
364,11.07,11.26,10.84,10.96,10.020174,278000.0,2018-12-18T00:00:00,ADTN
365,10.96,11.22,10.58,10.67,9.75504,261200.0,2018-12-19T00:00:00,ADTN
366,10.6,10.8,10.4,10.69,9.773328,344200.0,2018-12-20T00:00:00,ADTN
367,10.7,10.92,10.45,10.52,9.617904,1672100.0,2018-12-21T00:00:00,ADTN
368,10.47,10.59,10.25,10.43,9.535622,216100.0,2018-12-24T00:00:00,ADTN
369,10.5,11.1,10.21,11.07,10.120742,417200.0,2018-12-26T00:00:00,ADTN
370,10.87,11.12,10.59,10.95,10.011032,288800.0,2018-12-27T00:00:00,ADTN
371,11.01,11.24,10.77,10.82,9.89218,430700.0,2018-12-28T00:00:00,ADTN
372,10.82,10.9,10.53,10.74,9.819039,337900.0,2018-12-31T00:00:00,ADTN
373,10.59,11.04,10.58,10.85,9.919607,582500.0,2019-01-02T00:00:00,ADTN
374,10.87,11.14,10.49,10.88,9.947034,318200.0,2019-01-03T00:00:00,ADTN
375,10.99,11.42,10.89,11.26,10.294449,476100.0,2019-01-04T00:00:00,ADTN
376,11.25,11.7,11.23,11.54,10.55044,529900.0,2019-01-07T00:00:00,ADTN
377,11.61,11.87,11.49,11.83,10.815571,495900.0,2019-01-08T00:00:00,ADTN
378,11.92,12.09,11.87,11.94,10.916138,240700.0,2019-01-09T00:00:00,ADTN
379,11.87,11.96,11.53,11.76,10.751575,215800.0,2019-01-10T00:00:00,ADTN
380,11.71,11.87,11.55,11.78,10.769858,234400.0,2019-01-11T00:00:00,ADTN
381,11.72,11.89,11.55,11.62,10.62358,187500.0,2019-01-14T00:00:00,ADTN
382,11.6,11.75,11.5,11.61,10.614438,252400.0,2019-01-15T00:00:00,ADTN
383,11.62,11.89,11.62,11.77,10.760715,160100.0,2019-01-16T00:00:00,ADTN
384,11.74,11.95,11.49,11.87,10.85214,317600.0,2019-01-17T00:00:00,ADTN
385,11.88,12.01,11.84,11.89,10.870425,436100.0,2019-01-18T00:00:00,ADTN
386,11.87,12.04,11.69,11.78,10.769858,255900.0,2019-01-22T00:00:00,ADTN
387,11.79,12.28,11.79,12.27,11.217842,713600.0,2019-01-23T00:00:00,ADTN
388,12.28,13.74,11.85,13.56,12.397223,1431100.0,2019-01-24T00:00:00,ADTN
389,13.64,14.37,13.61,14.04,12.836062,973600.0,2019-01-25T00:00:00,ADTN
390,13.93,14.7,13.84,14.69,13.430324,614800.0,2019-01-28T00:00:00,ADTN
391,13.85,14.66,13.85,14.55,13.30233,448300.0,2019-01-29T00:00:00,ADTN
392,14.56,14.84,14.21,14.69,13.430324,335000.0,2019-01-30T00:00:00,ADTN
393,14.65,14.84,14.51,14.58,13.329758,314300.0,2019-01-31T00:00:00,ADTN
394,14.58,14.72,14.26,14.37,13.137764,457200.0,2019-02-01T00:00:00,ADTN
395,14.38,14.56,14.13,14.29,13.064625,354300.0,2019-02-04T00:00:00,ADTN
396,14.27,14.42,14.22,14.3,13.073768,343400.0,2019-02-05T00:00:00,ADTN
397,14.3,14.44,14.04,14.31,13.165771,319600.0,2019-02-06T00:00:00,ADTN
398,14.17,14.33,14.12,14.2,13.064567,277800.0,2019-02-07T00:00:00,ADTN
399,14.14,14.34,14.01,14.03,12.908159,175500.0,2019-02-08T00:00:00,ADTN
400,14.08,14.28,13.91,14.26,13.119771,228400.0,2019-02-11T00:00:00,ADTN
401,14.32,14.62,14.32,14.58,13.414183,200200.0,2019-02-12T00:00:00,ADTN
402,14.58,14.68,14.47,14.67,13.496987,241100.0,2019-02-13T00:00:00,ADTN
403,14.72,14.85,14.6,14.61,13.441783,342000.0,2019-02-14T00:00:00,ADTN
404,14.69,14.97,14.64,14.69,13.515386,306300.0,2019-02-15T00:00:00,ADTN
405,14.64,14.84,14.53,14.56,13.395781,365600.0,2019-02-19T00:00:00,ADTN
406,14.59,14.67,14.56,14.58,13.414183,624800.0,2019-02-20T00:00:00,ADTN
407,14.56,14.61,14.53,14.54,13.377379,299300.0,2019-02-21T00:00:00,ADTN
408,14.6,14.65,14.52,14.6,13.432585,869000.0,2019-02-22T00:00:00,ADTN
409,14.67,15.18,14.65,15.1,13.892603,1117500.0,2019-02-25T00:00:00,ADTN
410,15.09,15.16,14.85,14.86,13.671793,348400.0,2019-02-26T00:00:00,ADTN
411,14.87,15.3,14.79,15.08,13.874203,393400.0,2019-02-27T00:00:00,ADTN
412,15.06,15.14,14.88,15.02,13.818999,333400.0,2019-02-28T00:00:00,ADTN
413,15.06,15.26,14.95,15.2,13.984607,333900.0,2019-03-01T00:00:00,ADTN
414,15.25,15.4,15.09,15.3,14.07661,469700.0,2019-03-04T00:00:00,ADTN
415,15.33,15.4,14.86,14.91,13.717794,194500.0,2019-03-05T00:00:00,ADTN
416,14.87,14.94,14.58,14.66,13.487785,295800.0,2019-03-06T00:00:00,ADTN
417,14.62,14.7,14.39,14.65,13.478583,306800.0,2019-03-07T00:00:00,ADTN
418,14.58,14.81,14.58,14.75,13.570589,207600.0,2019-03-08T00:00:00,ADTN
419,14.76,14.85,14.62,14.81,13.62579,212000.0,2019-03-11T00:00:00,ADTN
420,14.82,14.91,14.61,14.72,13.542989,216500.0,2019-03-12T00:00:00,ADTN
421,14.8,15.04,14.74,14.91,13.717794,255900.0,2019-03-13T00:00:00,ADTN
422,14.94,15.04,14.76,14.77,13.58899,261700.0,2019-03-14T00:00:00,ADTN
423,14.82,14.96,14.7,14.75,13.570589,448400.0,2019-03-15T00:00:00,ADTN
424,14.75,14.91,14.62,14.67,13.496987,324200.0,2019-03-18T00:00:00,ADTN
425,14.72,14.81,14.47,14.54,13.377379,310200.0,2019-03-19T00:00:00,ADTN
426,14.5,14.59,14.36,14.42,13.266976,191500.0,2019-03-20T00:00:00,ADTN
427,14.4,14.7,14.35,14.65,13.478583,264000.0,2019-03-21T00:00:00,ADTN
428,14.53,14.66,14.04,14.04,12.917359,297700.0,2019-03-22T00:00:00,ADTN
429,14.05,14.19,13.87,14.06,12.935763,228200.0,2019-03-25T00:00:00,ADTN
430,14.13,14.31,14.03,14.17,13.036965,208200.0,2019-03-26T00:00:00,ADTN
431,14.14,14.14,13.75,14.02,12.898962,150400.0,2019-03-27T00:00:00,ADTN
432,14.02,14.22,13.88,13.95,12.834558,173800.0,2019-03-28T00:00:00,ADTN
433,14.02,14.06,13.68,13.7,12.604547,338100.0,2019-03-29T00:00:00,ADTN
434,13.81,14.2,13.76,14.17,13.036965,391900.0,2019-04-01T00:00:00,ADTN
435,14.2,14.33,14.04,14.07,12.944963,142000.0,2019-04-02T00:00:00,ADTN
436,14.15,14.29,14.1,14.15,13.018565,252600.0,2019-04-03T00:00:00,ADTN
437,14.19,14.25,14.1,14.13,13.000163,156700.0,2019-04-04T00:00:00,ADTN
438,14.14,14.29,14.05,14.09,12.963363,322000.0,2019-04-05T00:00:00,ADTN
439,14.04,14.25,13.85,14.19,13.055366,314600.0,2019-04-08T00:00:00,ADTN
440,14.15,14.64,14.1,14.33,13.184173,654500.0,2019-04-09T00:00:00,ADTN
441,14.2,14.37,14.11,14.29,13.147371,331400.0,2019-04-10T00:00:00,ADTN
442,14.37,14.4,14.19,14.24,13.101367,199500.0,2019-04-11T00:00:00,ADTN
443,14.29,14.45,14.15,14.39,13.239373,225700.0,2019-04-12T00:00:00,ADTN
444,14.39,14.45,14.16,14.24,13.101367,117900.0,2019-04-15T00:00:00,ADTN
445,14.28,14.71,14.22,14.69,13.515386,507900.0,2019-04-16T00:00:00,ADTN
446,14.78,14.85,14.39,14.55,13.386581,249200.0,2019-04-17T00:00:00,ADTN
447,15.0,16.67,15.0,16.59,15.263463,2056500.0,2019-04-18T00:00:00,ADTN
448,16.969999,17.58,16.65,17.440001,16.045498,722800.0,2019-04-22T00:00:00,ADTN
449,17.41,17.700001,17.35,17.629999,16.220304,862500.0,2019-04-23T00:00:00,ADTN
450,17.49,17.809999,17.110001,17.780001,16.358313,395600.0,2019-04-24T00:00:00,ADTN
451,17.629999,17.65,17.23,17.25,15.870692,287400.0,2019-04-25T00:00:00,ADTN
452,17.139999,17.290001,16.969999,17.26,15.87989,402100.0,2019-04-26T00:00:00,ADTN
453,17.219999,17.530001,17.15,17.17,15.797085,406000.0,2019-04-29T00:00:00,ADTN
454,17.18,17.43,17.030001,17.139999,15.769483,445800.0,2019-04-30T00:00:00,ADTN
455,17.059999,17.559999,16.889999,17.040001,15.760237,639400.0,2019-05-01T00:00:00,ADTN
456,16.940001,17.23,16.9,17.17,15.880472,206100.0,2019-05-02T00:00:00,ADTN
457,17.16,17.290001,16.860001,17.18,15.889724,292100.0,2019-05-03T00:00:00,ADTN
458,16.879999,17.08,16.67,17.059999,15.77873,186700.0,2019-05-06T00:00:00,ADTN
459,16.809999,16.93,16.549999,16.73,15.473518,971900.0,2019-05-07T00:00:00,ADTN
460,16.610001,16.84,16.450001,16.51,15.27004,286800.0,2019-05-08T00:00:00,ADTN
461,16.27,16.48,16.15,16.41,15.17755,858200.0,2019-05-09T00:00:00,ADTN
462,16.219999,16.389999,16.120001,16.379999,15.149801,173700.0,2019-05-10T00:00:00,ADTN
463,16.049999,16.129999,15.81,15.99,14.789094,1376000.0,2019-05-13T00:00:00,ADTN
464,16.059999,16.360001,15.86,16.34,15.112809,148200.0,2019-05-14T00:00:00,ADTN
465,16.219999,16.52,16.219999,16.43,15.196049,521800.0,2019-05-15T00:00:00,ADTN
466,16.450001,16.65,16.290001,16.34,15.112809,398600.0,2019-05-16T00:00:00,ADTN
467,16.200001,16.370001,16.09,16.190001,14.974075,343700.0,2019-05-17T00:00:00,ADTN
468,16.049999,16.200001,15.85,15.95,14.752099,132400.0,2019-05-20T00:00:00,ADTN
469,16.02,16.110001,15.95,16.1,14.890834,621100.0,2019-05-21T00:00:00,ADTN
470,16.059999,16.48,16.049999,16.379999,15.149801,657100.0,2019-05-22T00:00:00,ADTN
471,16.24,16.34,16.09,16.16,14.946325,685800.0,2019-05-23T00:00:00,ADTN
472,16.299999,16.459999,16.25,16.32,15.09431,545800.0,2019-05-24T00:00:00,ADTN
473,16.34,16.469999,15.94,15.97,14.770597,160600.0,2019-05-28T00:00:00,ADTN
474,15.88,15.88,15.62,15.74,14.55787,960900.0,2019-05-29T00:00:00,ADTN
475,15.8,16.049999,15.76,16.030001,14.826092,150200.0,2019-05-30T00:00:00,ADTN
476,15.84,15.93,15.59,15.68,14.502376,237400.0,2019-05-31T00:00:00,ADTN
477,15.64,15.9,15.64,15.8,14.613364,291700.0,2019-06-03T00:00:00,ADTN
478,15.99,16.41,15.93,16.27,15.048067,530500.0,2019-06-04T00:00:00,ADTN
479,16.35,16.389999,15.97,16.09,14.881583,211100.0,2019-06-05T00:00:00,ADTN
480,16.17,16.42,15.77,16.379999,15.149801,576700.0,2019-06-06T00:00:00,ADTN
481,16.49,16.709999,16.4,16.540001,15.297788,382200.0,2019-06-07T00:00:00,ADTN
482,16.57,16.67,16.280001,16.360001,15.131305,145500.0,2019-06-10T00:00:00,ADTN
483,16.49,16.57,16.27,16.309999,15.08506,332100.0,2019-06-11T00:00:00,ADTN
484,16.26,16.34,16.01,16.110001,14.900083,107200.0,2019-06-12T00:00:00,ADTN
485,16.17,16.530001,16.129999,16.41,15.17755,392100.0,2019-06-13T00:00:00,ADTN
486,16.32,16.360001,16.02,16.200001,14.983324,169700.0,2019-06-14T00:00:00,ADTN
487,16.190001,16.67,16.190001,16.469999,15.233044,202600.0,2019-06-17T00:00:00,ADTN
488,16.6,16.99,16.59,16.690001,15.436521,197600.0,2019-06-18T00:00:00,ADTN
489,16.719999,16.780001,16.35,16.52,15.279288,236100.0,2019-06-19T00:00:00,ADTN
490,16.709999,16.92,16.379999,16.52,15.279288,168000.0,2019-06-20T00:00:00,ADTN
491,16.450001,16.450001,16.02,16.059999,14.853837,656600.0,2019-06-21T00:00:00,ADTN
492,16.059999,16.059999,15.61,15.62,14.446882,230100.0,2019-06-24T00:00:00,ADTN
493,15.6,15.82,15.36,15.4,14.243404,378500.0,2019-06-25T00:00:00,ADTN
494,15.49,15.75,15.36,15.39,14.234157,273600.0,2019-06-26T00:00:00,ADTN
495,15.4,15.62,15.04,15.1,13.965936,258400.0,2019-06-27T00:00:00,ADTN
496,15.13,15.4,15.0,15.25,14.104669,592300.0,2019-06-28T00:00:00,ADTN
497,15.47,15.47,15.09,15.28,14.132419,321000.0,2019-07-01T00:00:00,ADTN
498,15.25,15.37,15.07,15.2,14.058427,270300.0,2019-07-02T00:00:00,ADTN
499,15.17,15.41,15.05,15.37,14.215656,192900.0,2019-07-03T00:00:00,ADTN
500,15.25,15.39,14.98,15.36,14.206409,152800.0,2019-07-05T00:00:00,ADTN
501,15.28,15.34,15.09,15.22,14.076924,146400.0,2019-07-08T00:00:00,ADTN
502,15.12,15.63,15.12,15.62,14.446882,237800.0,2019-07-09T00:00:00,ADTN
503,15.59,15.88,15.59,15.63,14.456131,175400.0,2019-07-10T00:00:00,ADTN
504,15.63,15.79,15.47,15.68,14.502376,185300.0,2019-07-11T00:00:00,ADTN
505,15.65,15.92,15.58,15.72,14.539372,279100.0,2019-07-12T00:00:00,ADTN
506,15.73,15.92,15.57,15.86,14.668856,251800.0,2019-07-15T00:00:00,ADTN
507,15.83,15.93,15.7,15.75,14.567118,195200.0,2019-07-16T00:00:00,ADTN
508,15.71,15.87,15.59,15.82,14.631863,294500.0,2019-07-17T00:00:00,ADTN
509,15.96,16.4,11.86,12.13,11.218994,3143100.0,2019-07-18T00:00:00,ADTN
510,12.1,12.23,11.28,11.53,10.664056,1183800.0,2019-07-19T00:00:00,ADTN
511,11.51,11.73,11.39,11.43,10.571567,691600.0,2019-07-22T00:00:00,ADTN
512,11.49,11.58,11.2,11.32,10.469828,411500.0,2019-07-23T00:00:00,ADTN
513,11.27,11.33,11.1,11.21,10.368089,417700.0,2019-07-24T00:00:00,ADTN
514,11.2,11.33,11.03,11.07,10.238604,329500.0,2019-07-25T00:00:00,ADTN
515,11.13,11.45,11.08,11.43,10.571567,344200.0,2019-07-26T00:00:00,ADTN
516,11.37,11.58,11.33,11.37,10.516072,306900.0,2019-07-29T00:00:00,ADTN
517,11.28,11.45,11.17,11.35,10.497576,357600.0,2019-07-30T00:00:00,ADTN
518,11.29,11.53,11.07,11.11,10.357729,370600.0,2019-07-31T00:00:00,ADTN
519,11.1,11.37,10.84,10.95,10.208565,338500.0,2019-08-01T00:00:00,ADTN
520,10.82,10.82,10.56,10.78,10.050076,211600.0,2019-08-02T00:00:00,ADTN
521,10.58,10.86,10.5,10.79,10.059398,287600.0,2019-08-05T00:00:00,ADTN
522,10.81,11.09,10.69,11.07,10.32044,268000.0,2019-08-06T00:00:00,ADTN
523,10.95,11.11,10.51,11.08,10.329764,185600.0,2019-08-07T00:00:00,ADTN
524,11.18,11.31,11.09,11.21,10.45096,333300.0,2019-08-08T00:00:00,ADTN
525,11.21,11.23,10.93,11.03,10.283147,139600.0,2019-08-09T00:00:00,ADTN
526,10.96,11.12,10.86,11.09,10.339086,241500.0,2019-08-12T00:00:00,ADTN
527,10.97,11.36,10.96,11.19,10.432315,178700.0,2019-08-13T00:00:00,ADTN
528,11.01,11.05,10.87,10.88,10.143304,234700.0,2019-08-14T00:00:00,ADTN
529,10.89,10.93,10.55,10.59,9.872939,278000.0,2019-08-15T00:00:00,ADTN
530,10.7,10.86,10.67,10.75,10.022108,164400.0,2019-08-16T00:00:00,ADTN
531,10.88,11.11,10.88,11.06,10.311117,188600.0,2019-08-19T00:00:00,ADTN
532,11.05,11.09,10.65,10.79,10.059398,206300.0,2019-08-20T00:00:00,ADTN
533,10.88,10.94,10.71,10.86,10.124659,219900.0,2019-08-21T00:00:00,ADTN
534,10.89,11.07,10.72,10.72,9.99414,145500.0,2019-08-22T00:00:00,ADTN
535,10.66,10.66,10.17,10.25,9.555964,359000.0,2019-08-23T00:00:00,ADTN
536,10.36,10.42,10.07,10.28,9.583931,502500.0,2019-08-26T00:00:00,ADTN
537,10.34,10.4,10.03,10.11,9.425442,227200.0,2019-08-27T00:00:00,ADTN
538,10.04,10.3,9.92,10.19,9.500026,174900.0,2019-08-28T00:00:00,ADTN
539,10.31,10.56,10.28,10.5,9.789035,169300.0,2019-08-29T00:00:00,ADTN
540,10.53,10.55,10.24,10.27,9.574608,320700.0,2019-08-30T00:00:00,ADTN
541,10.24,10.33,10.01,10.13,9.444086,234800.0,2019-09-03T00:00:00,ADTN
542,10.17,10.31,10.03,10.1,9.41612,335600.0,2019-09-04T00:00:00,ADTN
543,10.24,10.67,10.24,10.63,9.910232,386900.0,2019-09-05T00:00:00,ADTN
544,10.64,10.75,10.57,10.68,9.956847,138100.0,2019-09-06T00:00:00,ADTN
545,10.72,10.88,10.65,10.77,10.040752,249400.0,2019-09-09T00:00:00,ADTN
546,10.76,11.31,10.75,11.19,10.432315,408200.0,2019-09-10T00:00:00,ADTN
547,11.23,11.56,11.17,11.54,10.758615,434800.0,2019-09-11T00:00:00,ADTN
548,11.52,11.55,11.13,11.22,10.460282,265900.0,2019-09-12T00:00:00,ADTN
549,11.3,11.52,11.16,11.34,10.572158,272600.0,2019-09-13T00:00:00,ADTN
550,11.28,11.66,11.15,11.57,10.786585,198900.0,2019-09-16T00:00:00,ADTN
551,11.53,11.62,11.38,11.58,10.795907,195200.0,2019-09-17T00:00:00,ADTN
552,11.54,11.62,11.34,11.41,10.637417,188500.0,2019-09-18T00:00:00,ADTN
553,11.44,11.62,11.38,11.42,10.646741,143900.0,2019-09-19T00:00:00,ADTN
554,11.45,11.66,11.39,11.47,10.693356,428400.0,2019-09-20T00:00:00,ADTN
555,11.44,11.6,11.2,11.55,10.76794,143500.0,2019-09-23T00:00:00,ADTN
556,11.5,11.71,11.36,11.41,10.637417,323900.0,2019-09-24T00:00:00,ADTN
557,11.41,11.73,11.31,11.7,10.907782,294100.0,2019-09-25T00:00:00,ADTN
558,11.6,11.6,11.2,11.28,10.516221,140700.0,2019-09-26T00:00:00,ADTN
559,11.26,11.47,11.2,11.3,10.534865,174100.0,2019-09-27T00:00:00,ADTN
560,11.37,11.42,11.24,11.35,10.58148,289800.0,2019-09-30T00:00:00,ADTN
561,11.41,11.53,11.01,11.07,10.32044,186500.0,2019-10-01T00:00:00,ADTN
562,11.02,11.5,10.85,11.3,10.534865,321700.0,2019-10-02T00:00:00,ADTN
563,11.22,11.37,11.01,11.29,10.525541,213700.0,2019-10-03T00:00:00,ADTN
564,11.29,11.52,11.21,11.49,10.712,181500.0,2019-10-04T00:00:00,ADTN
565,11.4,11.59,11.27,11.3,10.534865,403000.0,2019-10-07T00:00:00,ADTN
566,11.25,11.34,11.0,11.05,10.301794,377700.0,2019-10-08T00:00:00,ADTN
567,11.12,11.15,10.78,10.91,10.171273,278800.0,2019-10-09T00:00:00,ADTN
568,8.63,9.23,8.09,8.81,8.213466,1686300.0,2019-10-10T00:00:00,ADTN
569,8.81,9.28,8.81,9.04,8.427894,462700.0,2019-10-11T00:00:00,ADTN
570,9.02,9.23,8.96,9.07,8.45586,358000.0,2019-10-14T00:00:00,ADTN
571,9.11,9.29,9.08,9.26,8.632996,345300.0,2019-10-15T00:00:00,ADTN
572,9.28,9.73,9.28,9.61,8.959297,252800.0,2019-10-16T00:00:00,ADTN
573,9.64,9.94,9.64,9.81,9.145756,218300.0,2019-10-17T00:00:00,ADTN
574,9.78,9.85,9.59,9.63,8.977942,229600.0,2019-10-18T00:00:00,ADTN
575,9.69,9.84,9.38,9.41,8.772839,276100.0,2019-10-21T00:00:00,ADTN
576,9.41,9.51,9.3,9.35,8.716904,262500.0,2019-10-22T00:00:00,ADTN
577,9.36,9.41,9.26,9.34,8.707579,241600.0,2019-10-23T00:00:00,ADTN
578,9.36,9.42,9.04,9.09,8.474507,205100.0,2019-10-24T00:00:00,ADTN
579,9.09,9.51,8.97,9.37,8.735548,261700.0,2019-10-25T00:00:00,ADTN
580,9.43,9.63,9.41,9.43,8.791485,145100.0,2019-10-28T00:00:00,ADTN
581,9.41,9.64,9.35,9.59,8.940653,198200.0,2019-10-29T00:00:00,ADTN
582,9.59,9.69,9.48,9.58,8.93133,225900.0,2019-10-30T00:00:00,ADTN
583,9.71,9.74,8.71,8.81,8.213466,553200.0,2019-10-31T00:00:00,ADTN
584,8.7,9.35,8.5,9.18,8.558413,435600.0,2019-11-01T00:00:00,ADTN
585,9.32,9.65,9.21,9.54,8.894038,307400.0,2019-11-04T00:00:00,ADTN
586,9.52,9.71,9.41,9.47,8.828779,219400.0,2019-11-05T00:00:00,ADTN
587,9.39,9.43,9.12,9.12,8.502477,268900.0,2019-11-06T00:00:00,ADTN
588,9.18,9.53,9.03,9.43,8.791485,384900.0,2019-11-07T00:00:00,ADTN
589,9.42,9.71,9.34,9.63,8.977942,302700.0,2019-11-08T00:00:00,ADTN
590,9.5,9.77,9.39,9.65,8.99659,259200.0,2019-11-11T00:00:00,ADTN
591,9.65,9.75,9.54,9.72,9.06185,280400.0,2019-11-12T00:00:00,ADTN
592,9.51,9.57,9.35,9.37,8.817188,177500.0,2019-11-13T00:00:00,ADTN
593,9.27,9.36,9.21,9.25,8.704268,174400.0,2019-11-14T00:00:00,ADTN
594,9.32,9.39,9.23,9.32,8.770139,185500.0,2019-11-15T00:00:00,ADTN
595,9.28,9.29,9.01,9.08,8.544298,216000.0,2019-11-18T00:00:00,ADTN
596,9.14,9.26,8.94,9.07,8.534888,217400.0,2019-11-19T00:00:00,ADTN
597,8.99,9.08,8.84,8.87,8.346687,221400.0,2019-11-20T00:00:00,ADTN
598,8.88,8.88,8.62,8.65,8.139668,234100.0,2019-11-21T00:00:00,ADTN
599,8.71,8.87,8.65,8.8,8.280818,150800.0,2019-11-22T00:00:00,ADTN
600,8.76,9.34,8.69,9.26,8.713678,375100.0,2019-11-25T00:00:00,ADTN
601,9.26,9.48,9.14,9.23,8.685449,331100.0,2019-11-26T00:00:00,ADTN
602,9.22,9.39,9.18,9.22,8.676038,163900.0,2019-11-27T00:00:00,ADTN
603,9.21,9.29,9.13,9.19,8.647808,111400.0,2019-11-29T00:00:00,ADTN
604,9.23,9.32,8.9,9.08,8.544298,303000.0,2019-12-02T00:00:00,ADTN
605,8.95,9.11,8.89,9.04,8.50666,189800.0,2019-12-03T00:00:00,ADTN
606,9.08,9.19,8.9,8.93,8.403149,232400.0,2019-12-04T00:00:00,ADTN
607,8.93,8.96,8.81,8.91,8.384327,281200.0,2019-12-05T00:00:00,ADTN
608,8.93,8.99,8.75,8.86,8.337278,410100.0,2019-12-06T00:00:00,ADTN
609,8.84,9.23,8.84,9.13,8.591349,274600.0,2019-12-09T00:00:00,ADTN
610,9.12,9.19,9.03,9.15,8.610168,248600.0,2019-12-10T00:00:00,ADTN
611,9.14,9.33,9.12,9.31,8.760731,133200.0,2019-12-11T00:00:00,ADTN
612,9.37,9.58,9.34,9.44,8.88306,226600.0,2019-12-12T00:00:00,ADTN
613,9.43,9.5,9.21,9.37,8.817188,237200.0,2019-12-13T00:00:00,ADTN
614,9.47,9.74,9.34,9.45,8.892468,191200.0,2019-12-16T00:00:00,ADTN
615,9.46,9.47,9.31,9.43,8.873649,252900.0,2019-12-17T00:00:00,ADTN
616,9.46,9.66,9.39,9.56,8.995981,167500.0,2019-12-18T00:00:00,ADTN
617,9.53,9.55,9.42,9.49,8.930109,329600.0,2019-12-19T00:00:00,ADTN
618,9.47,9.52,9.34,9.44,8.88306,857900.0,2019-12-20T00:00:00,ADTN
619,9.44,9.72,9.36,9.62,9.05244,163500.0,2019-12-23T00:00:00,ADTN
620,9.63,9.84,9.57,9.71,9.13713,117100.0,2019-12-24T00:00:00,ADTN
621,9.69,9.82,9.61,9.8,9.22182,151200.0,2019-12-26T00:00:00,ADTN
622,9.84,9.84,9.7,9.74,9.165359,164700.0,2019-12-27T00:00:00,ADTN
623,9.79,9.93,9.65,9.83,9.25005,154000.0,2019-12-30T00:00:00,ADTN
624,9.76,9.97,9.73,9.89,9.306511,413100.0,2019-12-31T00:00:00,ADTN
625,9.99,10.12,9.91,10.01,9.419431,175800.0,2020-01-02T00:00:00,ADTN
626,9.87,9.97,9.73,9.96,9.372381,227200.0,2020-01-03T00:00:00,ADTN
627,9.87,10.0,9.82,9.98,9.3912,125200.0,2020-01-06T00:00:00,ADTN
628,9.97,10.0,9.72,9.89,9.306511,204600.0,2020-01-07T00:00:00,ADTN
629,9.85,10.0,9.81,9.93,9.344151,138300.0,2020-01-08T00:00:00,ADTN
630,9.91,9.94,9.7,9.79,9.21241,246800.0,2020-01-09T00:00:00,ADTN
631,9.78,9.92,9.74,9.8,9.22182,121600.0,2020-01-10T00:00:00,ADTN
632,9.81,10.02,9.74,10.02,9.428842,130500.0,2020-01-13T00:00:00,ADTN
633,9.95,9.99,9.86,9.94,9.353559,165900.0,2020-01-14T00:00:00,ADTN
634,9.93,10.18,9.93,10.12,9.522939,125900.0,2020-01-15T00:00:00,ADTN
635,10.23,10.41,10.21,10.24,9.635861,144200.0,2020-01-16T00:00:00,ADTN
636,10.32,10.32,10.19,10.3,9.692322,166200.0,2020-01-17T00:00:00,ADTN
637,10.25,10.38,10.16,10.27,9.664092,215000.0,2020-01-21T00:00:00,ADTN
638,10.31,10.37,10.07,10.17,9.569992,143000.0,2020-01-22T00:00:00,ADTN
639,10.15,10.15,9.97,10.06,9.466481,358000.0,2020-01-23T00:00:00,ADTN
640,10.06,10.1,9.86,9.89,9.306511,175800.0,2020-01-24T00:00:00,ADTN
641,9.73,9.73,9.57,9.57,9.00539,381500.0,2020-01-27T00:00:00,ADTN
642,9.6,9.81,9.6,9.65,9.08067,161300.0,2020-01-28T00:00:00,ADTN
643,9.63,9.75,9.44,9.47,8.911289,210600.0,2020-01-29T00:00:00,ADTN
644,9.38,9.48,9.31,9.41,8.854828,220800.0,2020-01-30T00:00:00,ADTN
645,9.35,9.36,9.03,9.05,8.516068,229300.0,2020-01-31T00:00:00,ADTN
646,9.12,9.3,9.1,9.29,8.741909,228800.0,2020-02-03T00:00:00,ADTN
647,9.42,9.69,9.42,9.58,9.014801,156500.0,2020-02-04T00:00:00,ADTN
648,9.65,9.94,9.6,9.93,9.344151,244900.0,2020-02-05T00:00:00,ADTN
649,10.3,10.85,9.53,9.61,9.04303,415900.0,2020-02-06T00:00:00,ADTN
650,9.54,9.61,8.45,8.63,8.120848,591000.0,2020-02-07T00:00:00,ADTN
651,8.58,8.73,8.4,8.61,8.102027,304300.0,2020-02-10T00:00:00,ADTN
652,8.66,8.99,8.63,8.89,8.365508,377200.0,2020-02-11T00:00:00,ADTN
653,9.01,9.39,8.88,9.12,8.581937,363100.0,2020-02-12T00:00:00,ADTN
654,9.02,9.15,8.92,9.06,8.525478,219700.0,2020-02-13T00:00:00,ADTN
655,9.02,9.1,8.78,9.02,8.487839,182100.0,2020-02-14T00:00:00,ADTN
656,8.94,9.05,8.48,8.6,8.092617,276200.0,2020-02-18T00:00:00,ADTN
657,8.56,8.73,8.51,8.61,8.187713,229500.0,2020-02-19T00:00:00,ADTN
658,9.06,9.36,9.02,9.17,8.720246,306300.0,2020-02-20T00:00:00,ADTN
659,9.14,9.4,9.02,9.36,8.900928,352800.0,2020-02-21T00:00:00,ADTN
660,9.0,9.23,8.9,9.09,8.644172,227800.0,2020-02-24T00:00:00,ADTN
661,9.07,9.14,8.53,8.63,8.206734,784300.0,2020-02-25T00:00:00,ADTN
662,8.68,8.74,8.42,8.5,8.083108,214700.0,2020-02-26T00:00:00,ADTN
663,8.31,8.44,8.03,8.03,7.636159,307100.0,2020-02-27T00:00:00,ADTN
664,7.83,8.16,7.65,8.05,7.655179,583400.0,2020-02-28T00:00:00,ADTN
665,8.08,8.16,7.9,8.14,7.740766,326400.0,2020-03-02T00:00:00,ADTN
666,8.11,8.32,7.85,8.08,7.683708,325400.0,2020-03-03T00:00:00,ADTN
667,8.19,8.35,7.98,8.35,7.940465,182100.0,2020-03-04T00:00:00,ADTN
668,8.14,8.2,7.92,8.07,7.674198,682200.0,2020-03-05T00:00:00,ADTN
669,7.85,8.23,7.71,7.87,7.484006,261100.0,2020-03-06T00:00:00,ADTN
670,7.35,7.39,6.9,7.07,6.723245,210100.0,2020-03-09T00:00:00,ADTN
671,7.36,7.43,6.96,7.34,6.980002,423600.0,2020-03-10T00:00:00,ADTN
672,7.12,7.18,6.67,6.84,6.504525,450700.0,2020-03-11T00:00:00,ADTN
673,6.28,6.69,6.09,6.29,5.981501,368900.0,2020-03-12T00:00:00,ADTN
674,6.65,6.67,5.99,6.39,6.076596,354300.0,2020-03-13T00:00:00,ADTN
675,5.78,6.24,5.75,5.9,5.610628,445400.0,2020-03-16T00:00:00,ADTN
676,6.04,6.12,5.1,5.12,4.868884,1153000.0,2020-03-17T00:00:00,ADTN
677,4.98,5.21,4.8,5.15,4.897413,423700.0,2020-03-18T00:00:00,ADTN
678,5.2,6.54,5.2,6.2,5.895914,695000.0,2020-03-19T00:00:00,ADTN
679,6.26,6.53,5.58,5.8,5.515533,545300.0,2020-03-20T00:00:00,ADTN
680,5.79,5.8,5.37,5.57,5.296813,306300.0,2020-03-23T00:00:00,ADTN
681,5.82,6.38,5.75,6.35,6.038557,318300.0,2020-03-24T00:00:00,ADTN
682,6.35,6.95,6.15,6.2,5.895914,482300.0,2020-03-25T00:00:00,ADTN
683,6.62,7.87,6.31,7.78,7.398422,482900.0,2020-03-26T00:00:00,ADTN
684,7.7,8.14,7.14,8.05,7.655179,588800.0,2020-03-27T00:00:00,ADTN
685,8.19,8.25,7.6,8.03,7.636159,410700.0,2020-03-30T00:00:00,ADTN
686,8.03,8.27,7.12,7.68,7.303326,559000.0,2020-03-31T00:00:00,ADTN
687,7.56,7.85,7.55,7.68,7.303326,641900.0,2020-04-01T00:00:00,ADTN
688,7.68,8.11,7.49,7.95,7.560083,319000.0,2020-04-02T00:00:00,ADTN
689,7.91,8.35,7.85,8.26,7.854881,509400.0,2020-04-03T00:00:00,ADTN
690,8.65,8.81,8.15,8.73,8.301827,352000.0,2020-04-06T00:00:00,ADTN
691,8.9,9.33,8.51,8.76,8.330356,494100.0,2020-04-07T00:00:00,ADTN
692,8.82,9.27,8.72,9.21,8.758286,437200.0,2020-04-08T00:00:00,ADTN
693,9.38,9.48,8.55,9.24,8.786815,424100.0,2020-04-09T00:00:00,ADTN
694,9.23,9.34,8.77,8.95,8.511036,277000.0,2020-04-13T00:00:00,ADTN
695,9.11,9.17,8.5,8.63,8.206734,419800.0,2020-04-14T00:00:00,ADTN
696,8.34,8.43,8.13,8.25,7.845371,252700.0,2020-04-15T00:00:00,ADTN
697,8.22,8.43,8.01,8.29,7.883408,295700.0,2020-04-16T00:00:00,ADTN
698,9.56,10.11,9.27,9.49,9.024552,732300.0,2020-04-17T00:00:00,ADTN
699,9.31,9.78,8.87,9.69,9.214744,619400.0,2020-04-20T00:00:00,ADTN
700,9.42,9.57,8.64,8.67,8.244771,258700.0,2020-04-21T00:00:00,ADTN
701,8.87,9.29,8.66,8.84,8.406433,339800.0,2020-04-22T00:00:00,ADTN
702,8.87,9.56,8.87,9.28,8.824853,253500.0,2020-04-23T00:00:00,ADTN
703,9.31,9.62,9.3,9.57,9.100628,271800.0,2020-04-24T00:00:00,ADTN
704,9.59,10.24,9.59,9.99,9.50003,278900.0,2020-04-27T00:00:00,ADTN
705,10.23,10.27,9.83,10.06,9.566596,269200.0,2020-04-28T00:00:00,ADTN
706,10.32,10.81,10.2,10.67,10.146678,421600.0,2020-04-29T00:00:00,ADTN
707,10.52,10.53,10.1,10.28,9.775806,290700.0,2020-04-30T00:00:00,ADTN
708,10.0,10.11,9.61,9.98,9.49052,306700.0,2020-05-01T00:00:00,ADTN
709,9.8,10.05,9.65,10.0,9.50954,404300.0,2020-05-04T00:00:00,ADTN
710,9.99,10.4,9.96,10.07,9.576106,232600.0,2020-05-05T00:00:00,ADTN
711,10.09,10.52,9.9,10.27,9.766297,410000.0,2020-05-06T00:00:00,ADTN
712,10.19,11.92,10.19,11.65,11.078611,1139700.0,2020-05-07T00:00:00,ADTN
713,12.0,12.0,11.13,11.39,10.831365,793100.0,2020-05-08T00:00:00,ADTN
714,11.25,11.27,10.6,10.67,10.146678,564200.0,2020-05-11T00:00:00,ADTN
715,10.87,11.4,10.62,11.06,10.51755,376600.0,2020-05-12T00:00:00,ADTN
716,10.9,11.11,9.97,10.28,9.775806,415500.0,2020-05-13T00:00:00,ADTN
717,10.15,10.44,9.97,10.29,9.785316,287200.0,2020-05-14T00:00:00,ADTN
718,10.33,10.65,10.22,10.4,9.88992,367500.0,2020-05-15T00:00:00,ADTN
719,10.97,11.05,10.59,10.99,10.450984,402200.0,2020-05-18T00:00:00,ADTN
720,10.92,11.31,10.84,11.0,10.460493,305700.0,2020-05-19T00:00:00,ADTN
721,11.05,11.12,10.8,11.01,10.556373,281400.0,2020-05-20T00:00:00,ADTN
722,11.0,11.25,10.91,10.94,10.489256,265100.0,2020-05-21T00:00:00,ADTN
723,10.89,11.2,10.81,11.2,10.738544,214100.0,2020-05-22T00:00:00,ADTN
724,11.64,11.72,11.06,11.14,10.681016,288600.0,2020-05-26T00:00:00,ADTN
725,11.35,11.39,10.95,11.38,10.911129,327600.0,2020-05-27T00:00:00,ADTN
726,11.5,11.62,11.05,11.14,10.681016,278900.0,2020-05-28T00:00:00,ADTN
727,11.05,11.43,10.73,11.4,10.930304,440700.0,2020-05-29T00:00:00,ADTN
728,11.45,11.94,11.26,11.74,11.256296,488200.0,2020-06-01T00:00:00,ADTN
729,11.76,11.76,11.05,11.28,10.815248,262700.0,2020-06-02T00:00:00,ADTN
730,11.49,11.83,11.49,11.62,11.14124,233800.0,2020-06-03T00:00:00,ADTN
731,11.5,11.79,11.29,11.44,10.968656,420700.0,2020-06-04T00:00:00,ADTN
732,11.72,11.86,11.47,11.51,11.035772,469800.0,2020-06-05T00:00:00,ADTN
733,11.69,12.49,11.64,12.06,11.563112,829700.0,2020-06-08T00:00:00,ADTN
734,11.92,11.98,11.52,11.61,11.131651,309200.0,2020-06-09T00:00:00,ADTN
735,11.64,11.64,11.32,11.5,11.026184,319600.0,2020-06-10T00:00:00,ADTN
736,11.12,11.2,10.26,10.26,9.837274,469100.0,2020-06-11T00:00:00,ADTN
737,10.68,10.96,10.3,10.52,10.086562,304500.0,2020-06-12T00:00:00,ADTN
738,10.54,10.8,10.29,10.77,10.326262,339400.0,2020-06-15T00:00:00,ADTN
739,11.34,11.58,11.03,11.13,10.671428,342100.0,2020-06-16T00:00:00,ADTN
740,11.07,11.32,10.94,11.01,10.556373,281600.0,2020-06-17T00:00:00,ADTN
741,10.92,11.3,10.92,11.18,10.71937,346500.0,2020-06-18T00:00:00,ADTN
742,11.28,11.45,10.88,11.01,10.556373,786600.0,2020-06-19T00:00:00,ADTN
743,10.92,11.07,10.72,10.98,10.527609,336700.0,2020-06-22T00:00:00,ADTN
744,11.2,11.2,10.78,10.97,10.518021,445100.0,2020-06-23T00:00:00,ADTN
745,11.0,11.08,10.09,10.42,9.990682,764700.0,2020-06-24T00:00:00,ADTN
746,10.39,10.49,10.22,10.46,10.029033,274900.0,2020-06-25T00:00:00,ADTN
747,10.43,10.7,10.28,10.62,10.182442,546400.0,2020-06-26T00:00:00,ADTN
748,10.74,11.0,10.57,10.81,10.364614,402600.0,2020-06-29T00:00:00,ADTN
749,10.6,10.96,10.6,10.93,10.47967,239600.0,2020-06-30T00:00:00,ADTN
750,10.93,11.0,10.56,10.61,10.172852,252900.0,2020-07-01T00:00:00,ADTN
751,10.77,10.94,10.49,10.52,10.086562,216100.0,2020-07-02T00:00:00,ADTN
752,10.8,11.31,10.66,11.24,10.776896,362000.0,2020-07-06T00:00:00,ADTN
753,11.1,11.35,11.0,11.02,10.565962,308800.0,2020-07-07T00:00:00,ADTN
754,11.01,11.21,10.85,11.04,10.585136,330300.0,2020-07-08T00:00:00,ADTN
755,11.02,11.15,10.85,11.08,10.623488,233100.0,2020-07-09T00:00:00,ADTN
756,11.09,11.11,10.86,10.92,10.470081,154800.0,2020-07-10T00:00:00,ADTN
757,11.04,11.25,10.85,10.86,10.412553,278600.0,2020-07-13T00:00:00,ADTN
758,10.91,11.08,10.73,11.06,10.604313,228300.0,2020-07-14T00:00:00,ADTN
759,11.31,11.57,11.14,11.32,10.853601,301900.0,2020-07-15T00:00:00,ADTN
760,11.26,11.27,10.98,11.07,10.613901,209800.0,2020-07-16T00:00:00,ADTN
761,11.05,11.55,11.05,11.5,11.026184,356500.0,2020-07-17T00:00:00,ADTN
762,11.47,11.86,11.33,11.63,11.150828,466000.0,2020-07-20T00:00:00,ADTN
763,11.83,12.13,11.59,11.7,11.217943,288800.0,2020-07-21T00:00:00,ADTN
764,11.76,12.62,11.75,12.55,12.032923,773600.0,2020-07-22T00:00:00,ADTN
765,12.67,12.89,12.45,12.82,12.291797,450400.0,2020-07-23T00:00:00,ADTN
766,12.72,12.83,12.48,12.6,12.080862,261000.0,2020-07-24T00:00:00,ADTN
767,12.63,12.8,12.58,12.76,12.234271,226500.0,2020-07-27T00:00:00,ADTN
768,12.6,12.68,12.2,12.24,11.735694,313000.0,2020-07-28T00:00:00,ADTN
769,12.29,12.56,12.29,12.39,11.879515,185000.0,2020-07-29T00:00:00,ADTN
770,12.1,12.31,11.98,12.25,11.745284,220700.0,2020-07-30T00:00:00,ADTN
771,12.25,12.45,12.08,12.42,11.908278,309000.0,2020-07-31T00:00:00,ADTN
772,12.51,12.59,12.35,12.51,11.994571,265800.0,2020-08-03T00:00:00,ADTN
773,12.43,12.91,12.35,12.86,12.330151,354900.0,2020-08-04T00:00:00,ADTN
774,12.77,13.2,12.76,12.84,12.310974,352900.0,2020-08-05T00:00:00,ADTN
775,12.72,13.2,11.55,12.13,11.630225,750100.0,2020-08-06T00:00:00,ADTN
776,12.2,12.75,12.17,12.4,11.889102,325800.0,2020-08-07T00:00:00,ADTN
777,12.46,12.56,12.04,12.11,11.611051,330500.0,2020-08-10T00:00:00,ADTN
778,12.2,12.6,12.05,12.11,11.611051,253200.0,2020-08-11T00:00:00,ADTN
779,12.26,12.51,12.15,12.24,11.735694,218400.0,2020-08-12T00:00:00,ADTN
780,12.15,12.46,12.01,12.33,11.821987,208900.0,2020-08-13T00:00:00,ADTN
781,12.29,12.37,12.12,12.18,11.678166,150600.0,2020-08-14T00:00:00,ADTN
782,12.19,12.32,12.06,12.1,11.601463,216800.0,2020-08-17T00:00:00,ADTN
783,12.11,12.23,11.94,12.11,11.611051,231000.0,2020-08-18T00:00:00,ADTN
784,12.04,12.32,11.91,11.99,11.582071,214800.0,2020-08-19T00:00:00,ADTN
785,11.87,12.18,11.73,11.83,11.427515,196800.0,2020-08-20T00:00:00,ADTN
786,11.75,11.92,11.48,11.57,11.176361,173700.0,2020-08-21T00:00:00,ADTN
787,11.68,11.75,11.38,11.56,11.166702,236600.0,2020-08-24T00:00:00,ADTN
788,11.58,11.79,11.58,11.73,11.330916,216700.0,2020-08-25T00:00:00,ADTN
789,11.75,12.0,11.66,11.69,11.292277,219300.0,2020-08-26T00:00:00,ADTN
790,11.8,11.86,11.27,11.28,10.896227,223200.0,2020-08-27T00:00:00,ADTN
791,11.39,11.49,11.09,11.22,10.838269,176400.0,2020-08-28T00:00:00,ADTN
792,11.23,11.29,10.97,11.09,10.712692,319300.0,2020-08-31T00:00:00,ADTN
793,11.05,11.28,10.96,11.21,10.828609,276800.0,2020-09-01T00:00:00,ADTN
794,11.22,11.52,11.13,11.44,11.050782,159300.0,2020-09-02T00:00:00,ADTN
795,10.98,10.98,10.32,10.4,10.046165,369600.0,2020-09-03T00:00:00,ADTN
796,10.52,10.64,10.22,10.45,10.094466,273200.0,2020-09-04T00:00:00,ADTN
797,10.3,10.41,10.15,10.19,9.843312,262300.0,2020-09-08T00:00:00,ADTN
798,10.23,10.59,10.02,10.22,9.872292,245000.0,2020-09-09T00:00:00,ADTN
799,10.32,10.41,10.07,10.08,9.737054,248900.0,2020-09-10T00:00:00,ADTN
800,10.16,10.41,10.05,10.32,9.968889,214000.0,2020-09-11T00:00:00,ADTN
801,10.35,10.57,10.16,10.52,10.162085,179400.0,2020-09-14T00:00:00,ADTN
802,10.65,10.95,10.41,10.55,10.191065,427000.0,2020-09-15T00:00:00,ADTN
803,10.63,10.75,10.56,10.6,10.239363,214400.0,2020-09-16T00:00:00,ADTN
804,10.37,10.52,10.27,10.35,9.997869,274000.0,2020-09-17T00:00:00,ADTN
805,10.43,10.53,10.15,10.48,10.123446,633600.0,2020-09-18T00:00:00,ADTN
806,10.27,10.32,10.11,10.3,9.94957,276400.0,2020-09-21T00:00:00,ADTN
807,10.35,10.35,10.06,10.24,9.891609,182000.0,2020-09-22T00:00:00,ADTN
808,10.22,10.4,9.81,9.88,9.543859,260300.0,2020-09-23T00:00:00,ADTN
809,9.76,10.12,9.66,9.81,9.47624,205600.0,2020-09-24T00:00:00,ADTN
810,9.79,10.37,9.77,9.93,9.592158,130600.0,2020-09-25T00:00:00,ADTN
811,10.07,10.33,10.07,10.21,9.862631,224200.0,2020-09-28T00:00:00,ADTN
812,10.23,10.49,10.23,10.39,10.036509,150700.0,2020-09-29T00:00:00,ADTN
813,10.37,10.51,10.17,10.26,9.910931,189500.0,2020-09-30T00:00:00,ADTN
814,10.33,10.39,10.13,10.3,9.94957,156300.0,2020-10-01T00:00:00,ADTN
815,10.09,10.42,10.09,10.35,9.997869,181200.0,2020-10-02T00:00:00,ADTN
816,10.51,10.8,10.43,10.79,10.422898,179900.0,2020-10-05T00:00:00,ADTN
817,10.84,10.97,10.51,10.52,10.162085,211300.0,2020-10-06T00:00:00,ADTN
818,10.61,11.12,10.52,11.02,10.645074,291700.0,2020-10-07T00:00:00,ADTN
819,11.18,11.22,10.77,10.97,10.596775,137900.0,2020-10-08T00:00:00,ADTN
820,11.11,11.27,10.86,10.89,10.519497,171400.0,2020-10-09T00:00:00,ADTN
821,11.04,11.25,10.72,11.05,10.674051,215600.0,2020-10-12T00:00:00,ADTN
822,10.93,10.97,10.75,10.84,10.471197,238200.0,2020-10-13T00:00:00,ADTN
823,10.84,10.92,10.74,10.86,10.490518,162400.0,2020-10-14T00:00:00,ADTN
824,10.82,11.17,10.7,11.1,10.722352,145200.0,2020-10-15T00:00:00,ADTN
825,11.07,11.33,10.86,10.88,10.509837,136700.0,2020-10-16T00:00:00,ADTN
826,11.24,11.68,11.15,11.41,11.021805,360100.0,2020-10-19T00:00:00,ADTN
827,11.53,11.78,11.46,11.64,11.24398,342100.0,2020-10-20T00:00:00,ADTN
828,12.02,12.86,12.02,12.15,11.736627,458100.0,2020-10-21T00:00:00,ADTN
829,12.2,12.45,11.96,12.29,11.871865,240600.0,2020-10-22T00:00:00,ADTN
830,12.34,12.5,12.17,12.42,11.997442,193100.0,2020-10-23T00:00:00,ADTN
831,12.23,12.33,11.82,12.01,11.601392,285900.0,2020-10-26T00:00:00,ADTN
832,12.0,12.01,11.38,11.53,11.137722,273800.0,2020-10-27T00:00:00,ADTN
833,11.3,11.37,10.87,10.9,10.529156,235200.0,2020-10-28T00:00:00,ADTN
834,10.97,11.15,10.87,10.98,10.606434,294900.0,2020-10-29T00:00:00,ADTN
835,10.96,11.1,10.67,10.69,10.326302,430200.0,2020-10-30T00:00:00,ADTN
836,10.86,11.33,10.7,11.31,10.925205,402600.0,2020-11-02T00:00:00,ADTN
837,12.06,12.06,10.66,11.17,10.789969,557200.0,2020-11-03T00:00:00,ADTN
838,11.99,12.93,11.84,12.02,11.611052,546700.0,2020-11-04T00:00:00,ADTN
839,12.18,12.98,12.1,12.88,12.441792,552800.0,2020-11-05T00:00:00,ADTN
840,12.88,12.88,12.02,12.19,11.775267,355700.0,2020-11-06T00:00:00,ADTN
841,12.9,12.97,11.73,11.77,11.369558,366800.0,2020-11-09T00:00:00,ADTN
842,11.87,12.47,11.77,12.39,11.968463,344300.0,2020-11-10T00:00:00,ADTN
843,12.38,12.53,12.12,12.51,12.084381,205800.0,2020-11-11T00:00:00,ADTN
844,12.42,12.67,12.17,12.33,11.910504,266500.0,2020-11-12T00:00:00,ADTN
845,12.51,12.76,12.22,12.65,12.219617,252300.0,2020-11-13T00:00:00,ADTN
846,12.73,12.95,12.34,12.65,12.307178,310200.0,2020-11-16T00:00:00,ADTN
847,12.62,12.62,12.26,12.51,12.170972,179700.0,2020-11-17T00:00:00,ADTN
848,12.54,12.77,12.38,12.42,12.083411,267700.0,2020-11-18T00:00:00,ADTN
849,12.35,12.5,12.06,12.28,11.947205,124000.0,2020-11-19T00:00:00,ADTN
850,12.16,12.3,12.08,12.17,11.840188,153900.0,2020-11-20T00:00:00,ADTN
851,12.25,12.44,12.09,12.31,11.976394,190700.0,2020-11-23T00:00:00,ADTN
852,12.39,12.7,12.24,12.54,12.20016,265600.0,2020-11-24T00:00:00,ADTN
853,12.58,12.67,12.42,12.5,12.161242,159000.0,2020-11-25T00:00:00,ADTN
854,12.68,13.24,12.6,12.85,12.50176,205200.0,2020-11-27T00:00:00,ADTN
855,12.98,13.2,12.52,12.64,12.297449,269800.0,2020-11-30T00:00:00,ADTN
856,12.86,13.25,12.62,12.72,12.375282,272500.0,2020-12-01T00:00:00,ADTN
857,12.64,12.84,12.47,12.76,12.414196,193000.0,2020-12-02T00:00:00,ADTN
858,12.81,14.58,12.66,14.26,13.873547,1167700.0,2020-12-03T00:00:00,ADTN
859,14.29,14.75,13.7,14.66,14.262706,545000.0,2020-12-04T00:00:00,ADTN
860,14.79,15.26,14.53,14.62,14.22379,318700.0,2020-12-07T00:00:00,ADTN
861,15.08,15.15,14.52,15.12,14.71024,428500.0,2020-12-08T00:00:00,ADTN
862,15.15,15.6,14.37,14.52,14.126501,338400.0,2020-12-09T00:00:00,ADTN
863,14.47,14.54,14.2,14.36,13.970836,237500.0,2020-12-10T00:00:00,ADTN
864,14.21,14.36,13.88,14.07,13.688694,252800.0,2020-12-11T00:00:00,ADTN
865,14.22,14.32,13.87,14.19,13.805445,305600.0,2020-12-14T00:00:00,ADTN
866,14.2,14.72,14.2,14.65,14.252976,316200.0,2020-12-15T00:00:00,ADTN
867,14.58,14.82,14.5,14.62,14.22379,271700.0,2020-12-16T00:00:00,ADTN
868,14.73,15.04,14.66,15.04,14.632407,223100.0,2020-12-17T00:00:00,ADTN
869,15.11,15.39,14.96,15.14,14.729697,843000.0,2020-12-18T00:00:00,ADTN
870,14.8,14.97,14.51,14.85,14.447559,217700.0,2020-12-21T00:00:00,ADTN
871,14.82,15.06,14.77,15.01,14.603221,161100.0,2020-12-22T00:00:00,ADTN
872,15.1,15.19,14.9,15.02,14.612949,180400.0,2020-12-23T00:00:00,ADTN
873,15.07,15.19,14.95,15.02,14.612949,54400.0,2020-12-24T00:00:00,ADTN
874,15.16,16.18,15.16,15.75,15.323167,547000.0,2020-12-28T00:00:00,ADTN
875,15.86,15.86,14.64,14.84,14.437829,358700.0,2020-12-29T00:00:00,ADTN
876,14.86,15.02,14.65,14.74,14.340537,190300.0,2020-12-30T00:00:00,ADTN
877,14.73,14.81,14.54,14.77,14.369724,221800.0,2020-12-31T00:00:00,ADTN
878,14.69,15.2,14.37,14.73,14.330809,361800.0,2021-01-04T00:00:00,ADTN
879,14.6,15.09,14.58,14.99,14.583763,233700.0,2021-01-05T00:00:00,ADTN
880,14.9,15.58,14.81,15.45,15.031296,386200.0,2021-01-06T00:00:00,ADTN
881,15.31,15.65,15.22,15.61,15.18696,196600.0,2021-01-07T00:00:00,ADTN
882,15.61,15.83,15.35,15.73,15.303708,283000.0,2021-01-08T00:00:00,ADTN
883,15.55,15.83,15.51,15.68,15.255063,184700.0,2021-01-11T00:00:00,ADTN
884,15.79,16.290001,15.79,16.1,15.663683,209400.0,2021-01-12T00:00:00,ADTN
885,16.0,16.1,15.91,16.02,15.58585,158200.0,2021-01-13T00:00:00,ADTN
886,16.190001,16.91,16.190001,16.74,16.286337,267300.0,2021-01-14T00:00:00,ADTN
887,16.59,16.76,16.129999,16.709999,16.257149,258400.0,2021-01-15T00:00:00,ADTN
888,16.809999,17.09,16.530001,17.0,16.539291,362300.0,2021-01-19T00:00:00,ADTN
889,17.18,17.9,17.18,17.620001,17.14249,481800.0,2021-01-20T00:00:00,ADTN
890,17.870001,17.870001,16.75,17.139999,16.675495,365300.0,2021-01-21T00:00:00,ADTN
891,17.040001,17.549999,16.799999,17.51,17.035471,232500.0,2021-01-22T00:00:00,ADTN
892,17.450001,17.73,17.1,17.52,17.045198,208000.0,2021-01-25T00:00:00,ADTN
893,17.709999,17.74,17.18,17.49,17.016012,297200.0,2021-01-26T00:00:00,ADTN
894,17.129999,18.450001,17.01,18.02,17.531651,454800.0,2021-01-27T00:00:00,ADTN
895,18.35,18.35,17.07,17.5,17.025742,397400.0,2021-01-28T00:00:00,ADTN
896,17.5,18.110001,17.139999,17.200001,16.733871,330600.0,2021-01-29T00:00:00,ADTN
897,17.280001,17.52,16.809999,17.219999,16.753328,327000.0,2021-02-01T00:00:00,ADTN
898,17.32,17.59,16.700001,17.0,16.539291,267500.0,2021-02-02T00:00:00,ADTN
899,17.0,17.17,16.58,17.120001,16.65604,389100.0,2021-02-03T00:00:00,ADTN
900,17.07,17.16,15.62,16.09,15.653953,741100.0,2021-02-04T00:00:00,ADTN
901,16.93,17.370001,16.09,16.110001,15.67341,400700.0,2021-02-05T00:00:00,ADTN
902,16.32,17.030001,16.32,16.940001,16.480917,344600.0,2021-02-08T00:00:00,ADTN
903,16.870001,17.030001,16.459999,16.889999,16.432272,243000.0,2021-02-09T00:00:00,ADTN
904,16.950001,16.950001,16.209999,16.379999,15.936093,403100.0,2021-02-10T00:00:00,ADTN
905,16.52,16.6,15.93,16.15,15.712324,260300.0,2021-02-11T00:00:00,ADTN
906,16.15,16.83,16.15,16.440001,15.994467,277800.0,2021-02-12T00:00:00,ADTN
907,16.549999,16.879999,16.15,16.25,15.809616,254400.0,2021-02-16T00:00:00,ADTN
908,15.95,16.08,15.54,15.96,15.613953,279800.0,2021-02-17T00:00:00,ADTN
909,15.75,15.83,15.46,15.52,15.183494,476700.0,2021-02-18T00:00:00,ADTN
910,15.56,16.42,15.56,16.110001,15.7607,312600.0,2021-02-19T00:00:00,ADTN
911,15.99,16.540001,15.98,16.5,16.142246,247700.0,2021-02-22T00:00:00,ADTN
912,16.290001,16.530001,15.57,16.379999,16.024845,447800.0,2021-02-23T00:00:00,ADTN
913,16.58,17.67,16.58,17.51,17.130344,638600.0,2021-02-24T00:00:00,ADTN
914,17.5,17.860001,16.98,17.1,16.729235,284400.0,2021-02-25T00:00:00,ADTN
915,17.25,17.440001,16.559999,16.84,16.474873,315100.0,2021-02-26T00:00:00,ADTN
916,17.17,17.719999,17.17,17.719999,17.335791,267300.0,2021-03-01T00:00:00,ADTN
917,17.690001,17.76,16.969999,16.99,16.62162,173300.0,2021-03-02T00:00:00,ADTN
918,17.139999,17.209999,16.65,16.790001,16.425959,217500.0,2021-03-03T00:00:00,ADTN
919,16.780001,17.110001,15.88,16.209999,15.858533,271600.0,2021-03-04T00:00:00,ADTN
920,16.440001,16.610001,15.28,16.52,16.161812,343800.0,2021-03-05T00:00:00,ADTN
921,16.620001,17.299999,16.299999,16.98,16.611837,284200.0,2021-03-08T00:00:00,ADTN
922,17.35,17.74,17.219999,17.48,17.100996,257700.0,2021-03-09T00:00:00,ADTN
923,17.66,17.870001,17.34,17.57,17.189045,208600.0,2021-03-10T00:00:00,ADTN
924,17.73,18.440001,17.73,18.059999,17.668421,337600.0,2021-03-11T00:00:00,ADTN
925,17.969999,18.35,17.84,18.290001,17.893435,253600.0,2021-03-12T00:00:00,ADTN
926,18.52,19.059999,18.360001,18.940001,18.529343,340900.0,2021-03-15T00:00:00,ADTN
927,18.75,19.41,18.719999,19.23,18.813053,434900.0,2021-03-16T00:00:00,ADTN
928,19.01,19.110001,17.91,18.48,18.079311,314900.0,2021-03-17T00:00:00,ADTN
929,17.6,18.360001,17.549999,17.6,17.218393,196100.0,2021-03-18T00:00:00,ADTN
930,17.6,18.1,16.809999,17.860001,17.472759,875000.0,2021-03-19T00:00:00,ADTN
931,17.85,18.139999,17.32,17.74,17.355358,204000.0,2021-03-22T00:00:00,ADTN
932,17.6,17.82,16.5,16.59,16.230295,210800.0,2021-03-23T00:00:00,ADTN
933,16.889999,16.99,16.08,16.1,15.750917,223200.0,2021-03-24T00:00:00,ADTN
934,15.89,16.74,15.79,16.620001,16.259642,241600.0,2021-03-25T00:00:00,ADTN
935,16.83,17.4,16.709999,17.35,16.973814,248200.0,2021-03-26T00:00:00,ADTN
936,17.110001,17.35,15.95,16.190001,15.838965,474000.0,2021-03-29T00:00:00,ADTN
937,16.08,16.59,15.9,16.52,16.161812,145300.0,2021-03-30T00:00:00,ADTN
938,16.6,16.82,16.370001,16.68,16.318344,282500.0,2021-03-31T00:00:00,ADTN
939,16.91,17.25,16.82,17.18,16.807503,174500.0,2021-04-01T00:00:00,ADTN
940,17.309999,17.530001,17.07,17.34,16.964031,174800.0,2021-04-05T00:00:00,ADTN
941,17.389999,17.58,17.200001,17.32,16.944466,111400.0,2021-04-06T00:00:00,ADTN
942,17.84,18.620001,17.65,18.27,17.873869,388500.0,2021-04-07T00:00:00,ADTN
943,18.33,18.48,18.01,18.450001,18.049965,156000.0,2021-04-08T00:00:00,ADTN
944,18.27,18.379999,18.09,18.27,17.873869,129000.0,2021-04-09T00:00:00,ADTN
945,18.379999,18.67,18.18,18.610001,18.206495,182500.0,2021-04-12T00:00:00,ADTN
946,18.639999,18.639999,18.25,18.51,18.108665,126800.0,2021-04-13T00:00:00,ADTN
947,18.629999,18.860001,18.52,18.559999,18.157579,177800.0,2021-04-14T00:00:00,ADTN
948,18.67,18.67,18.040001,18.42,18.020615,114800.0,2021-04-15T00:00:00,ADTN
949,18.559999,18.719999,18.299999,18.459999,18.059748,150900.0,2021-04-16T00:00:00,ADTN
950,18.290001,18.379999,17.76,17.860001,17.472759,172200.0,2021-04-19T00:00:00,ADTN
951,17.860001,17.860001,17.0,17.26,16.885765,143700.0,2021-04-20T00:00:00,ADTN
952,17.280001,18.309999,17.110001,17.559999,17.179262,153800.0,2021-04-21T00:00:00,ADTN
953,17.51,17.6,17.02,17.190001,16.817284,211300.0,2021-04-22T00:00:00,ADTN
954,17.389999,17.83,17.139999,17.549999,17.169477,231800.0,2021-04-23T00:00:00,ADTN
955,17.559999,17.9,17.389999,17.790001,17.404276,111000.0,2021-04-26T00:00:00,ADTN
956,17.940001,18.0,17.530001,17.57,17.189045,102900.0,2021-04-27T00:00:00,ADTN
957,17.629999,17.98,17.6,17.65,17.267311,139400.0,2021-04-28T00:00:00,ADTN
958,17.860001,17.860001,17.370001,17.639999,17.257528,120700.0,2021-04-29T00:00:00,ADTN
959,17.389999,17.549999,17.0,17.09,16.719454,197700.0,2021-04-30T00:00:00,ADTN
960,17.299999,17.58,17.18,17.5,17.120562,302900.0,2021-05-03T00:00:00,ADTN
961,17.4,17.52,16.83,16.950001,16.582489,192900.0,2021-05-04T00:00:00,ADTN
962,17.02,17.370001,16.790001,17.27,16.89555,247000.0,2021-05-05T00:00:00,ADTN
963,17.549999,17.700001,17.18,17.59,17.208611,270400.0,2021-05-06T00:00:00,ADTN
964,17.959999,20.35,17.809999,19.93,19.497875,644500.0,2021-05-07T00:00:00,ADTN
965,19.93,20.16,19.370001,19.59,19.165247,382600.0,2021-05-10T00:00:00,ADTN
966,18.969999,19.76,18.709999,19.469999,19.047848,260000.0,2021-05-11T00:00:00,ADTN
967,19.309999,19.530001,18.389999,18.5,18.098881,310000.0,2021-05-12T00:00:00,ADTN
968,18.59,19.16,18.5,19.01,18.597824,134100.0,2021-05-13T00:00:00,ADTN
969,19.709999,20.35,19.25,20.049999,19.615273,357600.0,2021-05-14T00:00:00,ADTN
970,20.219999,20.49,19.780001,20.209999,19.771801,218100.0,2021-05-17T00:00:00,ADTN
971,19.35,20.18,19.35,19.52,19.096764,253800.0,2021-05-18T00:00:00,ADTN
972,19.02,19.620001,18.76,19.51,19.175394,192100.0,2021-05-19T00:00:00,ADTN
973,19.49,19.870001,19.23,19.809999,19.470245,126500.0,2021-05-20T00:00:00,ADTN
974,19.950001,20.049999,19.27,19.51,19.175394,119500.0,2021-05-21T00:00:00,ADTN
975,19.68,20.15,19.559999,19.940001,19.598019,209200.0,2021-05-24T00:00:00,ADTN
976,19.99,20.5,19.5,19.52,19.185221,156700.0,2021-05-25T00:00:00,ADTN
977,19.52,20.23,19.52,20.1,19.755272,159000.0,2021-05-26T00:00:00,ADTN
978,20.280001,20.6,20.049999,20.08,19.735619,231900.0,2021-05-27T00:00:00,ADTN
979,20.09,20.35,19.74,19.809999,19.470245,119500.0,2021-05-28T00:00:00,ADTN
980,19.99,20.370001,19.700001,20.09,19.745445,194700.0,2021-06-01T00:00:00,ADTN
981,20.18,20.200001,19.889999,20.08,19.735619,111500.0,2021-06-02T00:00:00,ADTN
982,20.030001,20.299999,19.76,20.120001,19.774933,215400.0,2021-06-03T00:00:00,ADTN
983,20.200001,20.540001,20.18,20.52,20.16807,206300.0,2021-06-04T00:00:00,ADTN
984,20.67,21.459999,20.620001,21.440001,21.072292,282500.0,2021-06-07T00:00:00,ADTN
985,20.879999,22.309999,20.879999,21.200001,20.836411,506200.0,2021-06-08T00:00:00,ADTN
986,21.190001,21.299999,20.690001,20.889999,20.531725,208400.0,2021-06-09T00:00:00,ADTN
987,20.91,20.98,20.51,20.93,20.571039,136200.0,2021-06-10T00:00:00,ADTN
988,21.040001,21.35,21.02,21.35,20.983837,76200.0,2021-06-11T00:00:00,ADTN
989,21.67,21.68,21.27,21.59,21.219719,230800.0,2021-06-14T00:00:00,ADTN
990,21.540001,21.790001,21.200001,21.43,21.062464,227000.0,2021-06-15T00:00:00,ADTN
991,21.43,21.48,20.99,21.34,20.974007,202200.0,2021-06-16T00:00:00,ADTN
992,21.17,21.610001,20.68,20.9,20.541552,159600.0,2021-06-17T00:00:00,ADTN
993,20.43,20.75,19.9,20.049999,19.706131,507800.0,2021-06-18T00:00:00,ADTN
994,20.290001,20.67,20.030001,20.5,20.148413,162700.0,2021-06-21T00:00:00,ADTN
995,20.440001,21.110001,20.040001,20.940001,20.580868,153800.0,2021-06-22T00:00:00,ADTN
996,20.950001,21.139999,20.65,20.709999,20.354809,129000.0,2021-06-23T00:00:00,ADTN
997,20.809999,21.09,20.620001,21.040001,20.679153,87200.0,2021-06-24T00:00:00,ADTN
998,21.18,21.719999,20.92,21.219999,20.856064,631900.0,2021-06-25T00:00:00,ADTN
999,21.219999,21.76,21.120001,21.629999,21.259033,348800.0,2021-06-28T00:00:00,ADTN
1000,21.629999,21.68,20.66,20.67,20.315496,182500.0,2021-06-29T00:00:00,ADTN
1001,20.58,21.07,20.26,20.65,20.295839,174900.0,2021-06-30T00:00:00,ADTN
1002,20.709999,20.82,20.33,20.709999,20.354809,115400.0,2021-07-01T00:00:00,ADTN
1003,20.940001,20.940001,20.209999,20.32,19.9715,129700.0,2021-07-02T00:00:00,ADTN
1004,20.540001,20.66,19.59,20.110001,19.765102,350300.0,2021-07-06T00:00:00,ADTN
1005,20.110001,20.43,19.219999,19.42,19.086935,270000.0,2021-07-07T00:00:00,ADTN
1006,18.93,19.33,18.24,19.18,18.851051,190300.0,2021-07-08T00:00:00,ADTN
1007,19.24,19.799999,19.209999,19.700001,19.362135,114900.0,2021-07-09T00:00:00,ADTN
1008,19.66,19.9,19.299999,19.48,19.145906,129500.0,2021-07-12T00:00:00,ADTN
1009,19.41,19.41,19.02,19.209999,18.880537,185500.0,2021-07-13T00:00:00,ADTN
1010,19.540001,20.040001,19.280001,19.67,19.332649,371900.0,2021-07-14T00:00:00,ADTN
1011,19.41,19.549999,18.98,19.15,18.821566,145900.0,2021-07-15T00:00:00,ADTN
1012,19.32,19.32,18.440001,18.459999,18.1434,151800.0,2021-07-16T00:00:00,ADTN
1013,18.01,19.200001,17.530001,19.190001,18.860882,479800.0,2021-07-19T00:00:00,ADTN
1014,19.309999,20.67,19.18,20.43,20.079615,517400.0,2021-07-20T00:00:00,ADTN
1015,20.26,21.469999,19.940001,21.43,21.062464,386100.0,2021-07-21T00:00:00,ADTN
1016,21.200001,21.43,20.27,21.290001,20.924864,438300.0,2021-07-22T00:00:00,ADTN
1017,21.370001,22.190001,21.32,22.15,21.770113,305100.0,2021-07-23T00:00:00,ADTN
1018,22.25,22.889999,22.16,22.76,22.369652,484500.0,2021-07-26T00:00:00,ADTN
1019,22.68,22.719999,22.049999,22.309999,21.927372,576300.0,2021-07-27T00:00:00,ADTN
1020,22.35,22.559999,21.700001,22.049999,21.671829,327400.0,2021-07-28T00:00:00,ADTN
1021,22.290001,22.809999,22.190001,22.6,22.212399,200300.0,2021-07-29T00:00:00,ADTN
1022,22.370001,22.59,22.08,22.41,22.025656,291200.0,2021-07-30T00:00:00,ADTN
1023,22.450001,22.629999,21.59,21.709999,21.33766,313300.0,2021-08-02T00:00:00,ADTN
1024,21.700001,22.25,21.280001,22.129999,21.750458,419400.0,2021-08-03T00:00:00,ADTN
1025,21.889999,22.41,21.73,21.99,21.61286,344900.0,2021-08-04T00:00:00,ADTN
1026,22.5,22.5,20.709999,21.700001,21.327833,559900.0,2021-08-05T00:00:00,ADTN
1027,22.450001,23.58,22.450001,23.530001,23.126448,579500.0,2021-08-06T00:00:00,ADTN
1028,23.629999,24.360001,23.379999,23.610001,23.205076,465600.0,2021-08-09T00:00:00,ADTN
1029,23.52,23.799999,23.209999,23.469999,23.067476,233600.0,2021-08-10T00:00:00,ADTN
1030,23.549999,23.549999,23.08,23.35,22.949533,237400.0,2021-08-11T00:00:00,ADTN
1031,23.42,23.48,22.92,23.440001,23.037991,252600.0,2021-08-12T00:00:00,ADTN
1032,23.459999,23.469999,23.01,23.41,23.008505,221700.0,2021-08-13T00:00:00,ADTN
1033,23.299999,23.91,23.030001,23.799999,23.391815,275100.0,2021-08-16T00:00:00,ADTN
1034,23.59,23.620001,22.969999,23.190001,22.79228,215500.0,2021-08-17T00:00:00,ADTN
1035,23.1,23.450001,22.870001,23.030001,22.723211,220000.0,2021-08-18T00:00:00,ADTN
1036,22.809999,23.280001,22.58,22.879999,22.575209,323000.0,2021-08-19T00:00:00,ADTN
1037,22.809999,22.959999,22.4,22.799999,22.496273,252800.0,2021-08-20T00:00:00,ADTN
1038,22.99,23.809999,22.99,23.48,23.167215,309300.0,2021-08-23T00:00:00,ADTN
1039,23.48,23.77,23.17,23.51,23.196815,215600.0,2021-08-24T00:00:00,ADTN
1040,23.540001,23.879999,23.459999,23.57,23.256018,234500.0,2021-08-25T00:00:00,ADTN
1041,23.629999,24.049999,23.389999,23.75,23.43362,207200.0,2021-08-26T00:00:00,ADTN
1042,23.74,24.76,23.709999,24.57,24.242695,340200.0,2021-08-27T00:00:00,ADTN
1043,22.98,22.98,20.389999,20.51,20.236782,2670800.0,2021-08-30T00:00:00,ADTN
1044,20.52,21.389999,20.299999,20.66,20.384783,1559200.0,2021-08-31T00:00:00,ADTN
1045,20.790001,21.18,20.25,20.709999,20.434114,786400.0,2021-09-01T00:00:00,ADTN
1046,20.879999,20.879999,20.35,20.719999,20.443981,611600.0,2021-09-02T00:00:00,ADTN
1047,20.700001,20.85,20.379999,20.549999,20.276247,312600.0,2021-09-03T00:00:00,ADTN
1048,20.42,20.530001,19.959999,20.08,19.812508,327900.0,2021-09-07T00:00:00,ADTN
1049,20.0,20.1,19.76,20.0,19.733574,364400.0,2021-09-08T00:00:00,ADTN
1050,20.030001,20.450001,19.799999,20.139999,19.871708,265900.0,2021-09-09T00:00:00,ADTN
1051,20.139999,20.15,19.559999,19.6,19.338902,220900.0,2021-09-10T00:00:00,ADTN
1052,19.799999,19.809999,19.360001,19.719999,19.457304,242000.0,2021-09-13T00:00:00,ADTN
1053,19.709999,19.85,19.040001,19.35,19.092232,404200.0,2021-09-14T00:00:00,ADTN
1054,19.309999,19.540001,18.91,19.530001,19.269836,324600.0,2021-09-15T00:00:00,ADTN
1055,19.389999,19.549999,19.17,19.440001,19.181036,201400.0,2021-09-16T00:00:00,ADTN
1056,19.34,19.5,18.790001,19.049999,18.79623,950800.0,2021-09-17T00:00:00,ADTN
1057,18.68,18.959999,18.34,18.940001,18.687695,360600.0,2021-09-20T00:00:00,ADTN
1058,18.969999,19.129999,18.6,18.67,18.421291,264800.0,2021-09-21T00:00:00,ADTN
1059,18.75,19.27,18.709999,19.02,18.766628,198200.0,2021-09-22T00:00:00,ADTN
1060,19.16,19.719999,19.16,19.52,19.259968,207400.0,2021-09-23T00:00:00,ADTN
1061,19.299999,19.68,19.120001,19.540001,19.279701,266600.0,2021-09-24T00:00:00,ADTN
1062,19.48,19.889999,19.459999,19.610001,19.34877,274400.0,2021-09-27T00:00:00,ADTN
1063,19.4,19.450001,18.52,18.549999,18.302891,492200.0,2021-09-28T00:00:00,ADTN
1064,18.66,18.73,18.309999,18.42,18.174622,487600.0,2021-09-29T00:00:00,ADTN
1065,18.52,18.84,18.25,18.76,18.510094,359800.0,2021-09-30T00:00:00,ADTN
1066,18.870001,19.02,18.379999,18.809999,18.559425,293300.0,2021-10-01T00:00:00,ADTN
1067,18.719999,18.73,18.360001,18.59,18.342356,191200.0,2021-10-04T00:00:00,ADTN
1068,18.629999,19.030001,18.559999,18.690001,18.441025,192200.0,2021-10-05T00:00:00,ADTN
1069,18.389999,18.950001,18.32,18.700001,18.450891,199800.0,2021-10-06T00:00:00,ADTN
1070,18.700001,19.290001,18.629999,19.02,18.766628,347300.0,2021-10-07T00:00:00,ADTN
1071,19.049999,19.360001,18.76,18.950001,18.697561,167700.0,2021-10-08T00:00:00,ADTN
1072,18.85,19.07,18.66,18.690001,18.441025,150200.0,2021-10-11T00:00:00,ADTN
1073,18.690001,19.02,18.59,18.83,18.579161,285500.0,2021-10-12T00:00:00,ADTN
1074,18.799999,19.110001,18.620001,18.77,18.519958,156900.0,2021-10-13T00:00:00,ADTN
1075,19.0,19.209999,18.75,19.1,18.845562,265600.0,2021-10-14T00:00:00,ADTN
1076,19.41,19.41,18.15,18.190001,17.947687,434800.0,2021-10-15T00:00:00,ADTN
1077,18.120001,18.549999,17.780001,18.190001,17.947687,476400.0,2021-10-18T00:00:00,ADTN
1078,17.93,18.040001,17.43,17.5,17.266878,376500.0,2021-10-19T00:00:00,ADTN
1079,17.67,18.16,17.530001,17.860001,17.622084,263900.0,2021-10-20T00:00:00,ADTN
1080,17.879999,18.1,17.639999,18.049999,17.809549,233000.0,2021-10-21T00:00:00,ADTN
1081,17.790001,17.969999,17.43,17.790001,17.553017,263300.0,2021-10-22T00:00:00,ADTN
1082,17.870001,18.040001,17.5,17.59,17.355679,532600.0,2021-10-25T00:00:00,ADTN
1083,17.68,18.01,17.530001,17.58,17.345812,520600.0,2021-10-26T00:00:00,ADTN
1084,17.59,18.09,17.59,18.0,17.760218,280600.0,2021-10-27T00:00:00,ADTN
1085,18.059999,18.33,18.059999,18.209999,17.967417,151500.0,2021-10-28T00:00:00,ADTN
1086,17.969999,18.639999,17.969999,18.48,18.233822,317900.0,2021-10-29T00:00:00,ADTN
1087,18.51,19.51,18.51,19.059999,18.806095,278400.0,2021-11-01T00:00:00,ADTN
1088,18.639999,20.1,18.639999,19.26,19.003431,474400.0,2021-11-02T00:00:00,ADTN
1089,19.309999,20.4,19.219999,20.27,19.999977,413900.0,2021-11-03T00:00:00,ADTN
1090,20.32,20.98,20.139999,20.639999,20.365047,489400.0,2021-11-04T00:00:00,ADTN
1091,20.74,21.370001,20.59,20.690001,20.414383,377000.0,2021-11-05T00:00:00,ADTN
1092,20.82,21.07,20.690001,20.75,20.473583,223300.0,2021-11-08T00:00:00,ADTN
1093,20.77,21.120001,20.719999,20.91,20.631453,270500.0,2021-11-09T00:00:00,ADTN
1094,20.690001,20.969999,20.27,20.309999,20.039442,255600.0,2021-11-10T00:00:00,ADTN
1095,20.4,20.879999,20.290001,20.77,20.493317,168700.0,2021-11-11T00:00:00,ADTN
1096,20.469999,21.34,20.469999,21.120001,20.838654,386900.0,2021-11-12T00:00:00,ADTN
1097,21.4,22.6,21.34,21.42,21.225107,474000.0,2021-11-15T00:00:00,ADTN
1098,21.24,21.66,20.969999,21.66,21.462923,507300.0,2021-11-16T00:00:00,ADTN
1099,21.629999,22.120001,21.440001,22.059999,21.859283,392000.0,2021-11-17T00:00:00,ADTN
1100,22.01,22.200001,21.67,21.860001,21.661102,530700.0,2021-11-18T00:00:00,ADTN
1101,21.639999,21.860001,21.370001,21.469999,21.274651,441000.0,2021-11-19T00:00:00,ADTN
1102,21.540001,22.049999,21.290001,21.639999,21.443102,194000.0,2021-11-22T00:00:00,ADTN
1103,21.549999,22.01,21.16,21.959999,21.760193,258900.0,2021-11-23T00:00:00,ADTN
1104,21.709999,21.75,21.35,21.549999,21.353922,301200.0,2021-11-24T00:00:00,ADTN
1105,21.02,21.129999,20.549999,20.6,20.412567,343500.0,2021-11-26T00:00:00,ADTN
1106,20.91,21.309999,20.629999,21.059999,20.868382,349900.0,2021-11-29T00:00:00,ADTN
1107,20.879999,21.059999,20.07,20.379999,20.194569,439000.0,2021-11-30T00:00:00,ADTN
1108,20.73,21.34,19.799999,19.82,19.639664,337600.0,2021-12-01T00:00:00,ADTN
1109,19.77,20.25,19.68,20.08,19.897299,295700.0,2021-12-02T00:00:00,ADTN
1110,20.200001,20.41,18.91,20.09,19.907207,276000.0,2021-12-03T00:00:00,ADTN
1111,20.17,20.65,19.9,20.559999,20.372931,487300.0,2021-12-06T00:00:00,ADTN
1112,20.860001,21.5,20.75,21.139999,20.947653,530600.0,2021-12-07T00:00:00,ADTN
1113,21.23,21.34,20.76,20.91,20.719746,404500.0,2021-12-08T00:00:00,ADTN
1114,20.91,21.530001,20.91,21.059999,20.868382,413000.0,2021-12-09T00:00:00,ADTN
1115,21.290001,21.43,20.469999,21.01,20.818836,279100.0,2021-12-10T00:00:00,ADTN
1116,20.92,21.09,20.379999,20.4,20.214386,299900.0,2021-12-13T00:00:00,ADTN
1117,20.290001,20.77,20.26,20.719999,20.531475,554700.0,2021-12-14T00:00:00,ADTN
1118,20.719999,21.4,20.440001,21.360001,21.165651,393100.0,2021-12-15T00:00:00,ADTN
1119,21.5,21.5,20.58,20.709999,20.521564,322700.0,2021-12-16T00:00:00,ADTN
1120,20.940001,21.700001,20.52,21.129999,20.937744,2259800.0,2021-12-17T00:00:00,ADTN
1121,20.799999,21.15,20.57,21.110001,20.917927,289000.0,2021-12-20T00:00:00,ADTN
1122,21.18,21.68,21.02,21.66,21.462923,388900.0,2021-12-21T00:00:00,ADTN
1123,21.690001,21.879999,21.379999,21.690001,21.492649,449000.0,2021-12-22T00:00:00,ADTN
1124,21.85,22.129999,21.77,22.01,21.809738,293600.0,2021-12-23T00:00:00,ADTN
1125,22.15,22.940001,22.120001,22.91,22.701548,297300.0,2021-12-27T00:00:00,ADTN
1126,22.959999,22.98,22.43,22.67,22.463734,193500.0,2021-12-28T00:00:00,ADTN
1127,22.690001,23.08,22.49,23.059999,22.850183,305800.0,2021-12-29T00:00:00,ADTN
1128,23.17,23.530001,22.870001,22.92,22.711458,254000.0,2021-12-30T00:00:00,ADTN
1129,22.9,23.129999,22.83,22.83,22.622276,322400.0,2021-12-31T00:00:00,ADTN
1130,22.93,23.360001,22.790001,22.969999,22.761002,453500.0,2022-01-03T00:00:00,ADTN
1131,22.91,22.91,21.6,21.889999,21.69083,908000.0,2022-01-04T00:00:00,ADTN
1132,21.9,22.17,21.52,21.559999,21.363832,476200.0,2022-01-05T00:00:00,ADTN
1133,21.49,21.58,20.940001,21.0,20.808928,553300.0,2022-01-06T00:00:00,ADTN
1134,20.9,21.34,20.139999,20.43,20.244114,515200.0,2022-01-07T00:00:00,ADTN
1135,20.200001,20.42,19.790001,20.360001,20.174751,480800.0,2022-01-10T00:00:00,ADTN
1136,20.360001,20.450001,19.870001,20.07,19.887388,540900.0,2022-01-11T00:00:00,ADTN
1137,20.040001,20.27,19.35,19.450001,19.273029,641900.0,2022-01-12T00:00:00,ADTN
1138,19.469999,19.799999,19.360001,19.48,19.302757,469100.0,2022-01-13T00:00:00,ADTN
1139,19.35,19.65,19.24,19.639999,19.4613,438400.0,2022-01-14T00:00:00,ADTN
1140,19.48,19.48,19.01,19.15,18.97576,441200.0,2022-01-18T00:00:00,ADTN
1141,19.01,19.01,18.0,18.09,17.925404,823900.0,2022-01-19T00:00:00,ADTN
1142,18.18,18.57,17.719999,17.76,17.598406,1079200.0,2022-01-20T00:00:00,ADTN
1143,17.700001,18.0,17.440001,17.440001,17.281319,853500.0,2022-01-21T00:00:00,ADTN
1144,17.25,18.17,17.1,18.09,17.925404,840400.0,2022-01-24T00:00:00,ADTN
1145,17.719999,18.940001,17.719999,18.610001,18.440674,995800.0,2022-01-25T00:00:00,ADTN
1146,18.66,19.23,18.5,18.809999,18.638853,1192500.0,2022-01-26T00:00:00,ADTN
1147,19.25,19.450001,17.59,17.709999,17.548861,633400.0,2022-01-27T00:00:00,ADTN
1148,17.719999,18.43,17.370001,18.4,18.232584,405100.0,2022-01-28T00:00:00,ADTN
1149,18.32,19.23,18.290001,19.209999,19.035213,649200.0,2022-01-31T00:00:00,ADTN
1150,19.209999,19.209999,18.709999,19.17,18.995577,490600.0,2022-02-01T00:00:00,ADTN
1151,19.290001,19.469999,18.709999,18.93,18.757763,707800.0,2022-02-02T00:00:00,ADTN
1152,19.5,20.799999,19.049999,20.08,19.897299,1337800.0,2022-02-03T00:00:00,ADTN
1153,20.280001,20.5,19.559999,20.1,19.917116,887700.0,2022-02-04T00:00:00,ADTN
1154,20.23,21.110001,20.08,20.76,20.571112,576600.0,2022-02-07T00:00:00,ADTN
1155,20.870001,21.440001,20.52,21.379999,21.185469,531500.0,2022-02-08T00:00:00,ADTN
1156,21.5,21.74,21.18,21.42,21.225107,533100.0,2022-02-09T00:00:00,ADTN
1157,21.059999,21.74,20.860001,20.99,20.799019,497200.0,2022-02-10T00:00:00,ADTN
1158,20.99,21.4,20.58,20.75,20.561201,343300.0,2022-02-11T00:00:00,ADTN
1159,20.73,20.99,20.379999,20.469999,20.283749,495900.0,2022-02-14T00:00:00,ADTN
1160,20.559999,21.370001,20.559999,21.18,20.987289,547000.0,2022-02-15T00:00:00,ADTN
1161,20.91,21.25,20.860001,21.190001,21.086803,225700.0,2022-02-16T00:00:00,ADTN
1162,21.01,21.040001,20.639999,20.66,20.559383,307600.0,2022-02-17T00:00:00,ADTN
1163,20.530001,20.92,20.5,20.700001,20.59919,342400.0,2022-02-18T00:00:00,ADTN
1164,20.65,20.85,20.34,20.530001,20.430017,279000.0,2022-02-22T00:00:00,ADTN
1165,20.639999,20.73,19.969999,20.09,19.992159,321000.0,2022-02-23T00:00:00,ADTN
1166,19.5,20.33,19.35,20.309999,20.211088,412000.0,2022-02-24T00:00:00,ADTN
1167,20.35,20.68,19.969999,20.65,20.549431,302600.0,2022-02-25T00:00:00,ADTN
1168,20.42,20.77,20.370001,20.59,20.489725,321500.0,2022-02-28T00:00:00,ADTN
1169,20.49,20.58,19.82,20.059999,19.962305,331700.0,2022-03-01T00:00:00,ADTN
1170,20.049999,20.59,20.049999,20.379999,20.280746,333200.0,2022-03-02T00:00:00,ADTN
1171,20.540001,20.59,19.940001,20.27,20.171284,468200.0,2022-03-03T00:00:00,ADTN
1172,20.0,20.1,19.540001,19.709999,19.61401,219700.0,2022-03-04T00:00:00,ADTN
1173,19.799999,19.809999,19.26,19.66,19.564253,578300.0,2022-03-07T00:00:00,ADTN
1174,19.73,20.42,19.18,19.290001,19.196056,392200.0,2022-03-08T00:00:00,ADTN
1175,19.700001,19.940001,19.4,19.799999,19.703571,268300.0,2022-03-09T00:00:00,ADTN
1176,19.58,20.02,19.389999,19.99,19.892647,231600.0,2022-03-10T00:00:00,ADTN
1177,20.0,20.209999,19.33,19.51,19.414984,293600.0,2022-03-11T00:00:00,ADTN
1178,19.48,19.6,19.02,19.120001,19.026884,256300.0,2022-03-14T00:00:00,ADTN
1179,19.23,19.459999,18.959999,19.450001,19.355276,333500.0,2022-03-15T00:00:00,ADTN
1180,19.74,19.860001,19.27,19.84,19.743378,464300.0,2022-03-16T00:00:00,ADTN
1181,19.82,20.049999,19.620001,19.879999,19.783182,418600.0,2022-03-17T00:00:00,ADTN
1182,19.950001,20.059999,19.610001,19.65,19.554302,1068400.0,2022-03-18T00:00:00,ADTN
1183,19.690001,20.120001,19.43,19.559999,19.464741,406300.0,2022-03-21T00:00:00,ADTN
1184,19.620001,19.82,19.370001,19.620001,19.524448,451600.0,2022-03-22T00:00:00,ADTN
1185,19.440001,19.5,18.860001,19.139999,19.046785,432400.0,2022-03-23T00:00:00,ADTN
1186,19.209999,19.32,18.950001,19.02,18.92737,315900.0,2022-03-24T00:00:00,ADTN
1187,19.059999,19.200001,18.83,18.940001,18.847761,459000.0,2022-03-25T00:00:00,ADTN
1188,18.83,19.27,18.700001,18.98,18.887566,397600.0,2022-03-28T00:00:00,ADTN
1189,19.219999,19.440001,18.950001,19.1,19.006981,496800.0,2022-03-29T00:00:00,ADTN
1190,18.99,19.27,18.299999,18.4,18.310389,417200.0,2022-03-30T00:00:00,ADTN
1191,18.4,18.68,18.389999,18.450001,18.360147,486400.0,2022-03-31T00:00:00,ADTN
1192,18.5,18.74,18.129999,18.4,18.310389,457400.0,2022-04-01T00:00:00,ADTN
1193,18.34,18.530001,18.110001,18.41,18.320341,390900.0,2022-04-04T00:00:00,ADTN
1194,18.51,18.68,18.110001,18.370001,18.280537,458900.0,2022-04-05T00:00:00,ADTN
1195,18.23,18.41,17.6,17.67,17.583944,359700.0,2022-04-06T00:00:00,ADTN
1196,17.77,17.969999,17.52,17.809999,17.723263,364400.0,2022-04-07T00:00:00,ADTN
1197,17.82,17.84,17.42,17.66,17.573994,377000.0,2022-04-08T00:00:00,ADTN
1198,17.51,17.76,17.41,17.43,17.345114,433300.0,2022-04-11T00:00:00,ADTN
1199,17.879999,18.51,17.65,17.700001,17.6138,613700.0,2022-04-12T00:00:00,ADTN
1200,17.75,18.129999,17.719999,18.0,17.912338,321100.0,2022-04-13T00:00:00,ADTN
1201,18.1,18.18,17.780001,17.809999,17.723263,232100.0,2022-04-14T00:00:00,ADTN
1202,17.73,18.0,17.440001,17.92,17.832727,191800.0,2022-04-18T00:00:00,ADTN
1203,17.9,18.25,17.83,18.07,17.981997,387500.0,2022-04-19T00:00:00,ADTN
1204,18.299999,18.559999,18.110001,18.35,18.260633,403500.0,2022-04-20T00:00:00,ADTN
1205,19.25,19.25,18.0,18.07,17.981997,338300.0,2022-04-21T00:00:00,ADTN
1206,17.950001,18.1,17.799999,17.889999,17.802874,349100.0,2022-04-22T00:00:00,ADTN
1207,17.780001,18.18,17.700001,18.139999,18.051655,344500.0,2022-04-25T00:00:00,ADTN
1208,18.07,18.27,17.549999,17.610001,17.524239,411700.0,2022-04-26T00:00:00,ADTN
1209,17.51,17.610001,17.120001,17.200001,17.116234,426900.0,2022-04-27T00:00:00,ADTN
1210,17.309999,17.809999,17.1,17.77,17.683458,204900.0,2022-04-28T00:00:00,ADTN
1211,17.700001,17.9,17.290001,17.389999,17.305307,319600.0,2022-04-29T00:00:00,ADTN
1212,17.389999,17.700001,17.309999,17.700001,17.6138,207100.0,2022-05-02T00:00:00,ADTN
1213,17.68,17.940001,17.530001,17.74,17.653605,420900.0,2022-05-03T00:00:00,ADTN
1214,17.75,17.82,17.129999,17.6,17.514286,441700.0,2022-05-04T00:00:00,ADTN
1215,17.6,17.6,16.299999,16.82,16.738085,840300.0,2022-05-05T00:00:00,ADTN
1216,16.889999,18.469999,16.67,18.34,18.250683,735600.0,2022-05-06T00:00:00,ADTN
1217,18.040001,18.57,17.360001,17.459999,17.374968,444700.0,2022-05-09T00:00:00,ADTN
1218,17.65,17.940001,17.08,17.610001,17.524239,631400.0,2022-05-10T00:00:00,ADTN
1219,17.52,18.02,17.32,17.51,17.424725,387700.0,2022-05-11T00:00:00,ADTN
1220,17.370001,17.49,16.709999,17.25,17.165991,359700.0,2022-05-12T00:00:00,ADTN
1221,17.469999,17.66,17.18,17.58,17.494383,420900.0,2022-05-13T00:00:00,ADTN
1222,17.43,17.59,17.219999,17.27,17.185894,269300.0,2022-05-16T00:00:00,ADTN
1223,17.58,18.5,17.58,18.48,18.389999,359800.0,2022-05-17T00:00:00,ADTN
1224,18.120001,18.440001,17.709999,17.940001,17.940001,385400.0,2022-05-18T00:00:00,ADTN
1225,17.49,18.110001,17.280001,17.99,17.99,392900.0,2022-05-19T00:00:00,ADTN
1226,18.25,18.42,17.49,18.1,18.1,343600.0,2022-05-20T00:00:00,ADTN
1227,18.290001,18.32,17.83,18.059999,18.059999,282200.0,2022-05-23T00:00:00,ADTN
1228,17.950001,18.09,17.620001,18.040001,18.040001,250800.0,2022-05-24T00:00:00,ADTN
1229,18.01,18.93,18.0,18.77,18.77,246200.0,2022-05-25T00:00:00,ADTN
1230,18.76,18.98,18.58,18.67,18.67,247700.0,2022-05-26T00:00:00,ADTN
1231,18.700001,18.98,18.559999,18.870001,18.870001,193100.0,2022-05-27T00:00:00,ADTN
1232,18.74,18.85,18.52,18.530001,18.530001,371300.0,2022-05-31T00:00:00,ADTN
1233,18.58,19.120001,18.559999,18.950001,18.950001,379400.0,2022-06-01T00:00:00,ADTN
1234,18.969999,19.790001,18.940001,19.690001,19.690001,349100.0,2022-06-02T00:00:00,ADTN
1235,19.83,19.85,19.07,19.299999,19.299999,504500.0,2022-06-03T00:00:00,ADTN
1236,19.370001,19.540001,18.98,19.26,19.26,236100.0,2022-06-06T00:00:00,ADTN
1237,19.08,19.360001,19.02,19.33,19.33,185200.0,2022-06-07T00:00:00,ADTN
1238,19.299999,19.440001,19.07,19.26,19.26,230200.0,2022-06-08T00:00:00,ADTN
1239,19.139999,19.33,18.940001,18.959999,18.959999,197200.0,2022-06-09T00:00:00,ADTN
1240,18.65,18.75,18.23,18.360001,18.360001,213600.0,2022-06-10T00:00:00,ADTN
1241,17.959999,18.219999,17.799999,17.98,17.98,345800.0,2022-06-13T00:00:00,ADTN
1242,18.049999,18.25,17.76,18.049999,18.049999,197800.0,2022-06-14T00:00:00,ADTN
1243,18.15,18.639999,18.049999,18.389999,18.389999,284000.0,2022-06-15T00:00:00,ADTN
1244,18.030001,18.049999,17.0,17.43,17.43,418600.0,2022-06-16T00:00:00,ADTN
1245,17.639999,18.24,17.49,17.73,17.73,708200.0,2022-06-17T00:00:00,ADTN
1246,18.040001,18.6,17.879999,18.5,18.5,235900.0,2022-06-21T00:00:00,ADTN
1247,18.309999,18.469999,17.540001,18.059999,18.059999,254300.0,2022-06-22T00:00:00,ADTN
1248,18.059999,18.120001,17.870001,17.99,17.99,317600.0,2022-06-23T00:00:00,ADTN
1249,18.17,18.709999,18.049999,18.469999,18.469999,1343500.0,2022-06-24T00:00:00,ADTN
1250,18.639999,18.73,18.41,18.6,18.6,186600.0,2022-06-27T00:00:00,ADTN
1251,18.68,18.969999,18.34,18.370001,18.370001,147800.0,2022-06-28T00:00:00,ADTN
1252,18.440001,18.530001,17.91,18.0,18.0,362200.0,2022-06-29T00:00:00,ADTN
1253,17.73,17.99,17.49,17.530001,17.530001,926600.0,2022-06-30T00:00:00,ADTN
1254,17.5,18.26,17.42,18.18,18.18,339900.0,2022-07-01T00:00:00,ADTN
1255,17.879999,18.18,17.370001,18.030001,18.030001,373100.0,2022-07-05T00:00:00,ADTN
1256,17.940001,18.959999,17.610001,18.809999,18.809999,917600.0,2022-07-06T00:00:00,ADTN
1257,19.02,20.540001,18.790001,20.16,20.16,1149900.0,2022-07-07T00:00:00,ADTN
